FG%,3PA,2P%,eFG%,ORB,DRB,TRB,BLK,Proximity
0.01603518567115785,-0.09137203792627845,-0.14137373970300623,-0.04755768957027825,1.3290656807786545,0.9629863489759949,1.1570080987820508,0.521034183356852,0
0.710725960636716,-1.0842256316866843,0.28661761398725444,0.3313618917117611,4.537728694104007,1.4370546941803546,2.551180963509049,1.02508783586674,0
0.7750491805409344,-1.036946889126665,0.3615161008830501,0.3934798558563577,1.8227061443671702,2.5958884269021216,2.59101447392982,1.02508783586674,0
-0.2219607279744498,-0.37504449328639444,0.3508163170407936,-0.4326890672667769,0.09496452180736514,-0.5118929472153455,-0.3566652972072613,-0.23504629540797956,0
0.7300229266079815,-0.6114382060864911,0.44711437162110174,0.449386023586494,0.8354252171901388,0.6469407855064219,0.7586729945743371,1.5291414883766274,0
1.546927819391554,-0.9896681465666456,1.03560248294521,1.1451072220059761,3.0568073033384597,2.4378656451673355,2.86984904687522,2.2852219671414593,0
0.061061439604110715,-0.3277657507263751,-0.07182514472833913,-0.05998128239919757,0.09496452180736514,0.8576378278194705,0.6790059737327943,0.7730610096117958,0
0.749319892579247,0.6178091004740115,0.6504102646239757,0.5487747662178486,1.3290656807786545,3.6493736384673645,3.188517130241391,2.5372487933964023,0
0.028899829652001524,1.6579414367944365,0.14217053211679137,0.31272650246838213,-0.02844559408976377,0.3308952220368489,0.2408373591043093,1.02508783586674,0
1.270337973803415,-0.9423894040066264,0.7895074545733105,0.9028471618420493,2.0695263761614284,2.6485626874803843,2.6308479843505914,0.7730610096117958,0
2.048648934644457,-1.0842256316866843,1.3940452416608036,1.6234155459193693,0.2183746377044942,0.22554670088032475,0.2408373591043093,0.521034183356852,0
0.43413611504857696,-0.1386507804862978,0.45246426354222996,0.22576135266594685,1.5758859125729126,1.1736833912890436,1.3561756508859077,0.0169805308469644,0
0.17041091344128195,-0.09137203792627845,0.2331186947759718,0.0021366817453990447,1.5758859125729126,1.1736833912890436,1.4358426717274504,0.0169805308469644,0
0.7621845365600907,-0.18592952304631719,0.6932093999930018,0.505292191316631,1.4524757966757835,1.0683348701325193,1.2765086300443649,0.0169805308469644,0
0.27976038727845287,0.8069240707140888,0.36686599280417775,0.449386023586494,1.4524757966757835,1.7531002576499273,1.7943442655143926,3.293329272161235,0
0.20900484538381262,1.1378752686342242,0.1635700998013044,0.3748444666129787,0.2183746377044942,0.9629863489759949,0.7985065049951083,-0.4870731216629234,0
0.3569482511635149,0.1450216748738182,0.25986815438161315,0.18849057417918888,2.0695263761614284,1.1736833912890436,1.5553432029897645,0.7730610096117958,0
1.2960672617651026,-0.9896681465666456,1.0891014021564926,0.8966353654275896,0.09496452180736514,-0.5118929472153455,-0.3566652972072613,0.7730610096117958,0
0.17041091344128195,1.0905965260742045,0.6022612373338213,0.6730106945070418,-0.5220860576782795,0.5942665249281597,0.2806708695250805,0.7730610096117958,0
-0.09331428816601339,0.7596453281540694,0.08867161290550873,-0.05998128239919757,0.09496452180736514,1.3843804336020922,1.077341077940508,1.5291414883766274,0
-2.8077541681240263,-1.0842256316866843,-2.645123158791031,-3.0664907469976708,0.09496452180736514,-1.4073553770458023,-1.0338349743603747,-0.9911267741728111,0
-0.492118251572167,0.8542028132741079,-0.029026009359313033,0.039407460232157014,-0.8923164053696664,-0.40654442605882124,-0.5956663597318895,-0.4870731216629234,0
-0.5500091494859636,0.9014815558341275,0.13147074827453484,-0.05376948598473791,-0.8923164053696664,-0.5645672077936077,-0.7151668909942037,-0.4870731216629234,0
-0.39563342171583943,0.7596453281540694,-0.26977114581008454,0.18849057417918888,-0.7689062894725374,-0.19584738374577268,-0.4363323180488041,-0.23504629540797956,0
0.311921997230562,-0.9423894040066264,0.14752042403791962,-0.05376948598473791,1.5758859125729126,-0.30119590490229686,0.2806708695250805,0.2690073571019082,0
0.5370532668953264,-0.3277657507263751,0.7146089676775148,0.4431742271720343,0.8354252171901388,-0.35387016548055905,-0.03799721384109038,1.02508783586674,0
1.0066127721961198,-1.0842256316866843,0.5273627504380256,0.6171045267769049,1.0822454489843967,0.12019817972380033,0.4001714007873946,0.7730610096117958,0
0.20257252339339116,-0.09137203792627845,0.2919675059083827,0.3313618917117611,-0.02844559408976377,0.3308952220368489,0.2010038486835377,0.0169805308469644,0
0.11895233751790725,2.13072886239463,0.15822020788017616,0.3624208737840594,-0.15185570998689268,0.38356948261511115,0.2806708695250805,-0.9911267741728111,0
0.7686168585505125,-0.9423894040066264,0.6129610211760779,0.49908039490217126,-0.7689062894725374,-0.8279385106849184,-0.8745009326772892,-0.7390999479178673,0
0.1768432354317038,0.2868579025538761,0.43106469585771695,0.18227877776472923,1.5758859125729126,0.6469407855064219,1.0375075675197367,1.2771146621216838,0
0.9551541962727451,-1.0842256316866843,0.48456361506899953,0.5674101554612275,0.34178475360162297,-0.24852164432403465,-0.07783072426186179,0.521034183356852,0
0.35051592917309304,1.6579414367944365,0.5113130746746408,0.3748444666129787,0.2183746377044942,1.7004259970716653,1.3561756508859077,1.02508783586674,0
1.0066127721961198,-1.0842256316866843,0.5273627504380256,0.6171045267769049,0.09496452180736514,-0.14317312316751046,-0.07783072426186179,0.0169805308469644,0
0.6656997067037631,-1.0842256316866843,0.24381847861822833,0.28787931681054346,-0.3986759417811506,-0.5118929472153455,-0.5159993388903469,-0.23504629540797956,0
1.2960672617651026,-1.0842256316866843,0.7681078868887974,0.8966353654275896,0.8354252171901388,0.4889180037716355,0.6790059737327943,0.2690073571019082,0
0.5370532668953264,-0.3277657507263751,0.6343605888605909,0.41832704151419636,0.09496452180736514,0.17287244030206253,0.1611703382627665,1.02508783586674,0
1.546927819391554,-1.0842256316866843,0.9767536718127997,1.1388954255915165,-0.5220860576782795,-0.19584738374577268,-0.31683178678649004,0.2690073571019082,0
0.8007784685026217,-0.7059956912065297,0.3080171816717675,0.9463297367432669,-0.5220860576782795,-0.6172414683718699,-0.5956663597318895,-0.4870731216629234,0
1.1352592120045566,-1.0842256316866843,0.6397104807817191,0.741340455066098,3.5504477669269754,2.859259729793432,3.3080176615037056,2.2852219671414593,0
0.6528350627229195,-1.0842256316866843,0.2331186947759718,0.27545572398162416,0.2183746377044942,-1.0913098135762291,-0.7550004014149752,-0.7390999479178673,0
0.4084068270868896,-1.0842256316866843,0.029822801773097853,0.039407460232157014,-0.15185570998689268,-1.1439840741544915,-0.9143344430980607,-0.9911267741728111,0
0.8651016884068394,-1.0842256316866843,0.4096651281732039,0.4804450056587923,0.9588353330872676,-1.0386355529979672,-0.5159993388903469,-0.23504629540797956,0
0.5692148768474355,0.5705303579139921,0.6450603727028474,0.5115039877310906,1.5758859125729126,2.9119339903716943,2.750348515612906,0.7730610096117958,0
0.13181698149875093,-1.036946889126665,-0.21092233467767366,-0.14073463578717316,-0.2752658258840217,-0.6699157289501321,-0.635499870152661,-0.4870731216629234,0
0.13181698149875093,-1.036946889126665,-0.21092233467767366,-0.14073463578717316,-0.2752658258840217,-0.6699157289501321,-0.5956663597318895,-0.4870731216629234,0
-2.8077541681240263,-1.0842256316866843,-2.645123158791031,-3.0664907469976708,-1.1391366371639242,-0.8806127712631806,-1.0338349743603747,-0.9911267741728111,0
0.17041091344128195,-0.7532744337665491,0.003073342167456541,-0.004075114669060616,0.09496452180736514,-0.30119590490229686,-0.23716476594494723,0.0169805308469644,0
-0.39563342171583943,-0.23320826560633645,-1.157853204717375,0.2506085383237855,-0.3986759417811506,-0.4592186866370834,-0.4761658284695755,-0.4870731216629234,0
1.3346611937076336,-0.9423894040066264,0.9179048606803888,0.9711769224011055,1.4524757966757835,0.27822096145858694,0.6790059737327943,1.7811683146315715,0
1.5276308534202887,-1.0842256316866843,0.9607039960494149,1.1202600363481374,1.2056555648815255,0.5415922643498977,0.7985065049951083,1.7811683146315715,0
0.5756471988378574,0.47597287279395334,0.5006132908323844,0.5115039877310906,0.9588353330872676,1.8057745182281892,1.6748437342520786,1.5291414883766274,0
0.3440836071826712,-0.37504449328639444,0.2652180463027414,0.25682033473824517,0.8354252171901388,0.5942665249281597,0.7586729945743371,1.02508783586674,0
1.0838006360811818,-1.0842256316866843,0.5915614534915647,0.6916460837504208,-0.15185570998689268,-0.40654442605882124,-0.3566652972072613,-0.4870731216629234,0
-0.6657909453135563,-0.8005531763265684,0.4096651281732039,-0.7867614628909773,-0.5220860576782795,-1.1439840741544915,-0.9940014639396033,-0.7390999479178673,0
0.15111394747001644,0.09774293231379882,0.318716965514024,0.14500799927797126,0.7120151012930098,0.7522893066629461,0.7985065049951083,0.0169805308469644,0
0.18970787941254746,0.2395791599938567,0.5648119938859235,0.1698551849358099,0.5886049853958808,0.9103120883977329,0.8781735258366511,0.2690073571019082,0
0.12538465950832908,0.05046418975377945,0.19031955940694573,0.13258440644905192,0.8354252171901388,0.6469407855064219,0.7586729945743371,0.0169805308469644,0
-0.3570394897733084,1.1851540111942434,-0.1734730912297758,0.033195663817697355,-0.02844559408976377,1.1736833912890436,0.8383400154158799,2.2852219671414593,0
-0.2412576939457153,1.4688264665543596,0.04587247753648264,0.1387962028635116,-0.6454961735754084,1.1210091307107812,0.6790059737327943,0.0169805308469644,0
0.6142411307803884,-0.23320826560633645,0.4096651281732039,0.30030290963946277,2.1929364920585575,2.3851913845890733,2.511347453088278,4.805490229690897,0
1.6176833612861936,-1.0842256316866843,1.03560248294521,1.207225186150572,-0.5220860576782795,-0.5645672077936077,-0.5956663597318895,-0.23504629540797956,0
0.8651016884068394,-0.8005531763265684,0.5648119938859235,0.9276943474998879,-1.0157265212667954,-1.0386355529979672,-1.0736684847811462,-0.9911267741728111,0
0.8329400784547302,-0.7532744337665491,0.5487623181225387,0.6481635088492032,0.8354252171901388,0.8049635672412085,0.8781735258366511,0.521034183356852,0
-2.8077541681240263,-1.0842256316866843,-2.645123158791031,-3.0664907469976708,-1.1391366371639242,-1.4073553770458023,-1.4321700785680884,-0.9911267741728111,0
-2.8077541681240263,-1.0842256316866843,-2.645123158791031,-3.0664907469976708,-1.1391366371639242,-0.8806127712631806,-1.0338349743603747,-0.9911267741728111,0
0.43413611504857696,-0.18592952304631719,0.1368206401956631,0.1698551849358099,-0.2752658258840217,0.9103120883977329,0.639172463312023,-0.23504629540797956,0
0.6142411307803884,-0.8951106614466071,0.5380625342802822,0.23818494549486618,0.465194869498752,0.27822096145858694,0.36033789036662334,0.7730610096117958,0
-0.39563342171583943,-1.0842256316866843,-0.6389136883679343,-0.7370670915752999,0.465194869498752,0.014849658567276151,0.1611703382627665,-0.9911267741728111,0
0.23473413334549997,-0.37504449328639444,0.27056793822386965,0.6792224909215014,-0.2752658258840217,-0.35387016548055905,-0.31683178678649004,-0.23504629540797956,0
1.2124470758896186,-0.6114382060864911,0.923254752601517,1.207225186150572,0.09496452180736514,-0.35387016548055905,-0.23716476594494723,1.5291414883766274,0
0.8586693664164176,-1.0842256316866843,0.42571480393658867,0.4742332092443326,2.686576955647073,1.8584487788064517,2.2723463905636496,1.2771146621216838,0
0.6528350627229195,-1.0842256316866843,0.25451826246048487,0.27545572398162416,2.316346607955686,1.8057745182281892,2.0731788384597927,1.2771146621216838,0
1.115962246033291,-1.0842256316866843,0.6343605888605909,0.7227050658227191,3.6738578828241044,1.963797299962976,2.670681494771363,1.5291414883766274,0
0.5241886229144826,1.5161052091143787,0.3936154524098191,0.4742332092443326,-0.5220860576782795,2.2271686028542867,1.5155096925689933,1.2771146621216838,0
-2.8077541681240263,-1.0842256316866843,-2.645123158791031,-3.0664907469976708,-1.1391366371639242,-1.4073553770458023,-1.4321700785680884,-0.9911267741728111,0
0.40197450509646776,0.6650878430340308,0.18496966748581745,0.2506085383237855,1.4524757966757835,3.6493736384673645,3.2283506406621614,2.7892756196513466,0
1.0259097381673854,-0.9423894040066264,0.677159724229617,0.6730106945070418,1.0822454489843967,0.43624374319337333,0.7188394841535658,0.521034183356852,0
0.5885118428187011,-0.9896681465666456,0.29731739782951094,0.2319731490804065,0.465194869498752,0.014849658567276151,0.1611703382627665,0.521034183356852,0
1.3475258376884773,-0.7532744337665491,0.9660538879705431,1.0084477008878634,2.563166839749944,1.4897289547586166,1.9536783071974784,0.2690073571019082,0
-0.1254758981181226,-1.0842256316866843,-0.4142182276805476,-0.4761716421679945,-0.3986759417811506,-0.6172414683718699,-0.5956663597318895,0.2690073571019082,0
0.511323978933639,-0.8951106614466071,0.318716965514024,0.17606698135026957,0.7120151012930098,0.27822096145858694,0.44000491120816615,-0.23504629540797956,0
1.4054167356022738,-1.036946889126665,0.8858055091536192,1.0581420722035408,-0.3986759417811506,-0.7752642501066563,-0.7151668909942037,0.0169805308469644,0
0.4084068270868896,-1.036946889126665,-0.1734730912297758,0.2630321311527048,-0.6454961735754084,-1.1966583347327537,-1.1135019952019176,-0.4870731216629234,0
1.7398974791042086,-1.036946889126665,1.2335484840269557,1.3252493180253055,0.2183746377044942,0.12019817972380033,0.1611703382627665,1.02508783586674,0
0.2218694893646563,1.4688264665543596,0.5594621019647952,0.6295281196058241,0.7120151012930098,0.27822096145858694,0.44000491120816615,0.2690073571019082,0
-0.09974661015643524,-0.7532744337665491,-0.863609149055321,0.3686326701985191,-1.0157265212667954,-0.8806127712631806,-0.9940014639396033,-0.9911267741728111,0
-1.3797786862503798,-0.8005531763265684,-2.645123158791031,-0.9979625409826054,-1.1391366371639242,-0.6699157289501321,-0.8745009326772892,-0.9911267741728111,0
1.0516390261290727,-0.7059956912065297,1.3672957820551621,1.592356563847071,-0.7689062894725374,-1.0913098135762291,-1.0736684847811462,-0.9911267741728111,0
0.5756471988378574,-1.036946889126665,0.2063692351703305,0.2630321311527048,0.9588353330872676,0.06752391914553812,0.4001714007873946,0.0169805308469644,0
0.35051592917309304,-0.5641594635264717,0.35616620896192186,0.20712596342256787,0.7120151012930098,-0.24852164432403465,0.04166980700045244,0.0169805308469644,0
-2.8077541681240263,-1.0842256316866843,-2.645123158791031,-3.0664907469976708,-1.1391366371639242,-0.8806127712631806,-1.0338349743603747,-0.9911267741728111,0
-0.331310201811621,-0.7059956912065297,-0.6389136883679343,-0.19664080351730978,-0.15185570998689268,-0.6172414683718699,-0.5159993388903469,-0.23504629540797956,0
0.4405684370389988,-0.5168807209664524,0.4631640473844865,0.2630321311527048,1.0822454489843967,-0.09049886258924826,0.2806708695250805,0.2690073571019082,0
1.649844971238303,-1.0842256316866843,1.0730517263931079,1.2382841682228702,1.5758859125729126,0.43624374319337333,0.8383400154158799,2.5372487933964023,0
-0.016126424280951342,1.0433177835141854,-0.05042557704382608,0.21333775983702752,-0.5220860576782795,0.7522893066629461,0.44000491120816615,-0.4870731216629234,0
-0.028991068261795018,-0.7059956912065297,0.473863831226743,-0.028922300326899263,-0.02844559408976377,-0.03782460201098606,-0.03799721384109038,0.2690073571019082,0
0.08035840557537623,-0.37504449328639444,0.08332172098438047,0.058042849475536,1.0822454489843967,-0.7225899895283941,-0.19733125552417582,-0.4870731216629234,0
-0.1447728640893881,0.6650878430340308,-0.002276549753671721,0.08289003513337465,0.09496452180736514,0.38356948261511115,0.3205043799458521,-0.23504629540797956,0
0.5241886229144826,-0.7532744337665491,0.3240668574351523,0.430750634343115,0.9588353330872676,0.014849658567276151,0.3205043799458521,1.02508783586674,0
0.8522370444259957,-0.8005531763265684,0.44711437162110174,0.8655763833552913,-0.15185570998689268,-0.7752642501066563,-0.6753333805734324,-0.23504629540797956,0
-0.17693447404149729,-1.036946889126665,-0.35001952462700847,-0.5258660134836718,0.5886049853958808,-0.03782460201098606,0.1611703382627665,1.5291414883766274,0
1.7784914110467396,-1.036946889126665,1.1960992405790578,1.3625200965120634,3.427037651029847,4.386813286563035,4.423355953285303,4.30143657718101,0
0.5370532668953264,0.5705303579139921,0.5915614534915647,0.4928685984877116,0.9588353330872676,0.8049635672412085,0.9180070362574227,0.521034183356852,0
-0.06758500020432605,1.4688264665543596,-0.15742341546639102,-0.01649870749797994,-0.3986759417811506,0.43624374319337333,0.2010038486835377,1.5291414883766274,0
0.5692148768474355,-0.5168807209664524,0.4899135069901278,0.38726805944189807,0.09496452180736514,1.9111230393847136,1.4756761821482218,1.7811683146315715,0
0.3183543192209839,-0.18592952304631719,0.677159724229617,0.2692439275671645,0.34178475360162297,0.17287244030206253,0.2408373591043093,0.0169805308469644,0
0.5627825548570137,-0.044093295366259076,0.6718098323084887,0.49908039490217126,-0.5220860576782795,-0.09049886258924826,-0.19733125552417582,0.0169805308469644,0
-0.07401732219474788,0.1450216748738182,0.3775657766464343,-0.04755768957027825,0.2183746377044942,0.17287244030206253,0.2010038486835377,-0.23504629540797956,0
0.35051592917309304,0.2868579025538761,0.094021504826637,0.430750634343115,-0.3986759417811506,0.27822096145858694,0.08150331742122367,-0.4870731216629234,0
1.3410935156980555,-0.9896681465666456,0.8751057253113627,0.9649651259866459,1.4524757966757835,0.6996150460846842,0.9976740570989652,0.521034183356852,0
1.3410935156980555,-0.9423894040066264,0.8858055091536192,0.9711769224011055,1.4524757966757835,1.0156606095542569,1.2366751196235937,0.7730610096117958,0
1.3410935156980555,-1.036946889126665,0.8483562657057214,0.9401179403288072,1.4524757966757835,0.06752391914553812,0.519671932049709,0.2690073571019082,0
0.2926250312592965,0.71236658559405,0.1635700998013044,0.23818494549486618,0.2183746377044942,1.595077475915141,1.2765086300443649,0.521034183356852,0
1.2188793978800405,-0.8951106614466071,0.778807670731054,0.9401179403288072,0.9588353330872676,0.27822096145858694,0.519671932049709,1.7811683146315715,0
0.09965537154664174,-0.9423894040066264,-0.07182514472833913,-0.1593700250305518,-0.7689062894725374,-0.5645672077936077,-0.6753333805734324,-0.7390999479178673,0
1.154556177975822,-0.7059956912065297,0.8858055091536192,0.9152707546709686,0.8354252171901388,0.12019817972380033,0.36033789036662334,1.02508783586674,0
-0.13834054209896626,-0.2804870081663558,0.24916837053935662,0.21333775983702752,-0.2752658258840217,-0.4592186866370834,-0.4363323180488041,-0.23504629540797956,0
-1.6177745998959876,-0.6114382060864911,-1.4574471523005577,-1.569447811112894,-0.5220860576782795,-0.9332870318414429,-0.8745009326772892,-0.7390999479178673,0
-0.6657909453135563,-0.8005531763265684,0.923254752601517,-0.9979625409826054,-0.15185570998689268,-0.24852164432403465,-0.23716476594494723,-0.4870731216629234,0
0.4534330810198425,0.2395791599938567,0.778807670731054,0.9773887188155652,-0.02844559408976377,-0.03782460201098606,-0.03799721384109038,0.0169805308469644,0
0.5370532668953264,-0.9896681465666456,0.17426988364356094,0.2009141670081082,2.439756723852815,0.6469407855064219,1.2765086300443649,0.0169805308469644,0
-1.8429058695607519,-0.6114382060864911,-1.8800886140696902,-1.8241314641057398,-0.5220860576782795,-0.7225899895283941,-0.7151668909942037,-0.4870731216629234,0
1.437578345554383,-1.036946889126665,0.9072050768381322,1.0519302757890812,1.4524757966757835,1.2263576518673056,1.3561756508859077,1.2771146621216838,0
0.1961402014029693,0.71236658559405,0.46851393930561475,0.32515009529730143,0.8354252171901388,1.8057745182281892,1.6350102238313073,2.2852219671414593,0
1.1288268900141347,-0.9423894040066264,0.6611100484662322,0.8469409941119123,1.3290656807786545,0.6996150460846842,0.9180070362574227,0.521034183356852,0
-2.8077541681240263,-0.8478319188865877,-2.645123158791031,-3.0664907469976708,-0.7689062894725374,-0.985961292419705,-1.0338349743603747,-0.23504629540797956,0
0.3440836071826712,-0.23320826560633645,0.2331186947759718,0.3624208737840594,0.2183746377044942,0.22554670088032475,0.2806708695250805,0.7730610096117958,0
0.5306209449049045,-0.18592952304631719,0.6290106969394627,0.5487747662178486,0.34178475360162297,0.7522893066629461,0.6790059737327943,0.0169805308469644,0
0.8136431124834647,-0.8951106614466071,0.4792137231478713,0.505292191316631,0.9588353330872676,-0.09049886258924826,0.2010038486835377,2.5372487933964023,0
-0.13834054209896626,1.3269902388743011,-0.09857460433398044,-0.1034638573004152,0.7120151012930098,0.8576378278194705,0.8781735258366511,4.805490229690897,0
-0.003261780300107667,-0.9896681465666456,-0.04507568512269782,-0.358147510293261,0.34178475360162297,-0.6699157289501321,-0.3566652972072613,-0.9911267741728111,0
0.54991791087617,-1.036946889126665,0.4096651281732039,0.17606698135026957,0.09496452180736514,-0.7225899895283941,-0.5159993388903469,-0.9911267741728111,0
-0.6657909453135563,-0.7532744337665491,0.029822801773097853,-0.9979625409826054,0.9588353330872676,-0.19584738374577268,0.1611703382627665,-0.9911267741728111,0
-0.8780575709974769,-1.0842256316866843,-1.0401555824525537,-1.2029518226597742,1.0822454489843967,-0.6172414683718699,-0.11766423468263319,-0.9911267741728111,0
0.15111394747001644,1.7052201793544561,0.15287031595904788,0.6357399160202838,-0.3986759417811506,0.43624374319337333,0.2010038486835377,-0.4870731216629234,0
0.6464027407324976,-0.8005531763265684,0.9874534556550562,0.4928685984877116,-1.0157265212667954,-0.8279385106849184,-0.9541679535188319,-0.7390999479178673,0
0.20900484538381262,-0.42232323584641385,0.27056793822386965,0.08289003513337465,-0.15185570998689268,-0.03782460201098606,-0.03799721384109038,0.2690073571019082,0
0.18970787941254746,-0.044093295366259076,0.43106469585771695,0.23818494549486618,-0.2752658258840217,-0.09049886258924826,-0.15749774510340442,-0.23504629540797956,0
0.9422895522919015,0.7596453281540694,0.8430063737845931,0.7848230299673157,2.316346607955686,4.386813286563035,4.064854359498361,1.2771146621216838,0
1.4247137015735394,-0.8478319188865877,1.078401618314236,1.1388954255915165,0.465194869498752,0.22554670088032475,0.3205043799458521,1.02508783586674,0
0.6528350627229195,-0.5168807209664524,0.7467083192042844,0.5984691375335258,0.34178475360162297,-0.30119590490229686,-0.11766423468263319,0.521034183356852,0
0.2540310993167655,-0.044093295366259076,0.2063692351703305,0.19470237059364856,0.465194869498752,-0.09049886258924826,0.08150331742122367,1.02508783586674,0
1.3282288717172117,-1.036946889126665,0.923254752601517,1.1513190184204356,-1.0157265212667954,-1.1966583347327537,-1.2330025264642315,-0.7390999479178673,0
1.3282288717172117,-1.0842256316866843,0.7948573464944387,0.9276943474998879,0.9588353330872676,0.5942665249281597,0.7586729945743371,0.7730610096117958,0
1.5276308534202887,-1.0842256316866843,0.9607039960494149,1.1202600363481374,0.8354252171901388,0.5942665249281597,0.7188394841535658,1.02508783586674,0
1.0066127721961198,-1.0842256316866843,0.5273627504380256,0.6171045267769049,1.3290656807786545,0.5942665249281597,0.8781735258366511,0.521034183356852,0
0.6978613166558724,-0.2804870081663558,0.6076111292549495,0.5549865626323082,0.34178475360162297,0.3308952220368489,0.4001714007873946,1.02508783586674,0
-0.24769001593613715,0.9487602983941467,0.4899135069901278,0.1387962028635116,0.34178475360162297,1.0683348701325193,0.9180070362574227,1.5291414883766274,0
0.4791623689815298,-0.8951106614466071,0.28126772206612616,0.2506085383237855,-0.02844559408976377,-0.6699157289501321,-0.5159993388903469,-0.4870731216629234,0
0.2861927092688747,-0.9423894040066264,0.5166629665957692,-0.07861667164257655,-0.02844559408976377,-0.8279385106849184,-0.6753333805734324,-0.4870731216629234,0
-1.52128977003966,-0.8478319188865877,-1.3076501785089665,-1.8241314641057398,0.09496452180736514,-1.1439840741544915,-0.8346674222565178,0.2690073571019082,0
-2.8077541681240263,-1.0842256316866843,-2.645123158791031,-3.0664907469976708,0.09496452180736514,-1.4073553770458023,-1.0338349743603747,-0.9911267741728111,0
0.8651016884068394,-0.9423894040066264,1.1319005375255187,0.4804450056587923,-0.15185570998689268,-0.7225899895283941,-0.5956663597318895,-0.4870731216629234,0
0.09965537154664174,1.6106626942344173,0.16891999172243266,0.16364338852135024,0.2183746377044942,2.4905399057455977,1.9536783071974784,1.2771146621216838,0
0.37624521713478043,-0.3277657507263751,0.7039091838352582,0.449386023586494,0.34178475360162297,-0.6699157289501321,-0.3964988076280327,-0.23504629540797956,0
0.6271057747612321,-0.8478319188865877,0.3936154524098191,0.3562090773695997,0.465194869498752,0.06752391914553812,0.2010038486835377,0.521034183356852,0
0.8651016884068394,-1.0842256316866843,0.4203649120154604,0.4804450056587923,1.9461162602642992,1.0683348701325193,1.4756761821482218,0.521034183356852,0
0.18970787941254746,0.8542028132741079,0.2331186947759718,0.27545572398162416,0.7120151012930098,-0.03782460201098606,0.2010038486835377,2.033195140886515,0
0.749319892579247,-0.9896681465666456,0.3508163170407936,0.3996916522708174,1.2056555648815255,-0.5645672077936077,-0.03799721384109038,0.2690073571019082,0
-0.0418557122426387,1.9416138921545525,-0.0076264416747999835,0.3686326701985191,0.34178475360162297,1.8057745182281892,1.4358426717274504,-0.4870731216629234,0
0.18970787941254746,0.2395791599938567,0.3080171816717675,0.2009141670081082,0.34178475360162297,0.6469407855064219,0.5993389528912515,0.0169805308469644,0
0.12538465950832908,0.2868579025538761,0.29731739782951094,0.12016081362013262,0.34178475360162297,0.4889180037716355,0.4798384216289374,0.2690073571019082,0
0.3376512851922494,0.1450216748738182,0.3347666412774088,0.3686326701985191,0.34178475360162297,0.9103120883977329,0.7985065049951083,-0.23504629540797956,0
0.38267753912520225,-0.4696019784064331,0.3294167493562805,0.6046809339479855,-0.02844559408976377,-0.8279385106849184,-0.635499870152661,-0.4870731216629234,0
1.0516390261290727,-0.9896681465666456,0.677159724229617,0.70406967657934,-0.7689062894725374,-0.7225899895283941,-0.7550004014149752,-0.7390999479178673,0
0.054629117613688875,1.8470564070345141,0.28661761398725444,0.30030290963946277,0.09496452180736514,1.0683348701325193,0.8383400154158799,0.2690073571019082,0
0.15111394747001644,0.6178091004740115,0.45246426354222996,0.23818494549486618,0.2183746377044942,0.22554670088032475,0.2408373591043093,1.02508783586674,0
0.1639785914508601,1.279711496314282,0.094021504826637,0.5239275805600099,-0.6454961735754084,-0.40654442605882124,-0.5159993388903469,-0.7390999479178673,0
1.238176363851306,-1.036946889126665,0.7627579949676692,0.8531527905263719,1.5758859125729126,0.9629863489759949,1.2366751196235937,1.7811683146315715,0
0.09965537154664174,0.3814153876739148,0.3240668574351523,0.1387962028635116,-0.3986759417811506,1.2263576518673056,0.7985065049951083,0.2690073571019082,0
-0.29271626986909,-0.5641594635264717,-0.16812319930864755,-0.4202654744378576,0.34178475360162297,-0.24852164432403465,-0.03799721384109038,0.0169805308469644,0
-0.3892010997254176,-0.5641594635264717,-0.24837157812557148,-0.5072306242402929,0.34178475360162297,-0.09049886258924826,0.04166980700045244,0.2690073571019082,0
-0.022558746271373182,-0.6587169486465104,0.029822801773097853,-0.16558182144501146,0.465194869498752,-0.6699157289501321,-0.31683178678649004,-0.4870731216629234,0
0.4598654030102643,-0.4696019784064331,0.24916837053935662,0.17606698135026957,1.4524757966757835,1.8584487788064517,1.8740112863559357,3.293329272161235,0
0.8007784685026217,-1.0842256316866843,0.35616620896192186,0.41832704151419636,1.4524757966757835,-0.14317312316751046,0.4001714007873946,0.7730610096117958,0
0.9937481282152761,-1.0842256316866843,0.5166629665957692,0.6046809339479855,0.7120151012930098,0.9629863489759949,0.957840546678194,2.7892756196513466,0
0.4084068270868896,-1.0842256316866843,0.029822801773097853,0.039407460232157014,3.1802174192355888,-0.6172414683718699,0.5595054424704802,0.2690073571019082,0
0.4084068270868896,-1.0842256316866843,0.029822801773097853,0.039407460232157014,1.5758859125729126,-0.35387016548055905,0.2408373591043093,0.0169805308469644,0
2.3381034242134398,-1.0842256316866843,1.6347903781115753,1.902946384570054,1.3290656807786545,-0.8806127712631806,-0.23716476594494723,-0.23504629540797956,0
1.4826045994873358,-0.6114382060864911,2.7047687623372267,2.107935666247222,0.09496452180736514,-0.8806127712631806,-0.635499870152661,-0.9911267741728111,0
1.4826045994873358,-0.1386507804862978,2.7047687623372267,2.107935666247222,1.3290656807786545,-0.35387016548055905,0.1611703382627665,-0.9911267741728111,0
-2.8077541681240263,-1.0842256316866843,-2.645123158791031,-3.0664907469976708,-1.1391366371639242,-1.4073553770458023,-1.4321700785680884,-0.9911267741728111,0
-0.016126424280951342,1.3269902388743011,-0.08787482049172392,0.08289003513337465,-0.5220860576782795,0.6469407855064219,0.3205043799458521,-0.23504629540797956,0
0.24116645533592182,0.00318544719376008,0.28126772206612616,0.2319731490804065,0.09496452180736514,-0.5645672077936077,-0.3964988076280327,-0.7390999479178673,0
0.12538465950832908,0.71236658559405,0.06192215329986742,0.6419517124347435,-0.5220860576782795,-0.09049886258924826,-0.23716476594494723,0.521034183356852,0
0.54991791087617,-0.37504449328639444,0.5594621019647952,0.468021412829873,0.8354252171901388,0.5942665249281597,0.7188394841535658,0.0169805308469644,0
0.5048916569432171,-0.2804870081663558,0.6183109130972061,0.430750634343115,0.8354252171901388,0.7522893066629461,0.7985065049951083,0.0169805308469644,0
0.7364552485984034,-0.6587169486465104,0.35616620896192186,0.6108927303624452,0.8354252171901388,0.06752391914553812,0.2806708695250805,1.02508783586674,0
0.003170541690314171,1.3269902388743011,0.08867161290550873,0.505292191316631,-0.7689062894725374,-0.19584738374577268,-0.3566652972072613,-0.4870731216629234,0
0.511323978933639,-0.1386507804862978,0.3347666412774088,0.7599758443094771,0.5886049853958808,-0.24852164432403465,0.0018362965796810298,-0.23504629540797956,0
0.6206734527708102,-1.036946889126665,0.35616620896192186,0.24439674190932584,1.2056555648815255,0.5415922643498977,0.7985065049951083,2.033195140886515,0
0.633538096751654,-0.6114382060864911,0.36686599280417775,0.33757368812622074,2.563166839749944,2.859259729793432,2.9893495781375337,0.521034183356852,0
-0.8587606050262114,-0.2804870081663558,-1.0080562309257841,-0.7122199059174613,-0.02844559408976377,-0.5645672077936077,-0.4363323180488041,-0.4870731216629234,0
-1.1546474165856155,-0.09137203792627845,-1.3557992057991208,-0.9793271517392265,0.465194869498752,-0.5118929472153455,-0.27699827636571867,-0.23504629540797956,0
-0.1447728640893881,-0.6587169486465104,-0.5051663903397278,-0.06619307881365723,-0.8923164053696664,-0.6699157289501321,-0.7948339118357465,-0.7390999479178673,0
-0.3892010997254176,1.42154772399434,-0.07717503664946739,-0.09725206088595553,-0.2752658258840217,0.8576378278194705,0.5595054424704802,0.521034183356852,0
1.6305480052670374,-1.0842256316866843,1.0463022667874664,1.2196487789794912,1.8227061443671702,0.43624374319337333,0.9180070362574227,2.2852219671414593,0
-0.009694102290529505,-0.5168807209664524,-0.034375901280441296,0.039407460232157014,-0.5220860576782795,-0.6699157289501321,-0.635499870152661,-0.23504629540797956,0
0.0739260835849544,0.33413664511389546,0.17426988364356094,0.14500799927797126,0.5886049853958808,0.22554670088032475,0.3205043799458521,0.2690073571019082,0
0.4084068270868896,-0.9423894040066264,0.5648119938859235,0.039407460232157014,-0.7689062894725374,-0.7225899895283941,-0.7550004014149752,0.7730610096117958,0
0.24116645533592182,-0.4696019784064331,-0.21092233467767366,0.5301393769744696,-0.6454961735754084,-0.40654442605882124,-0.5159993388903469,-0.7390999479178673,0
0.311921997230562,-0.18592952304631719,0.473863831226743,0.4742332092443326,-0.5220860576782795,-0.7225899895283941,-0.7151668909942037,-0.7390999479178673,0
1.0516390261290727,-1.0842256316866843,0.5648119938859235,0.6605871016781225,0.09496452180736514,-0.8806127712631806,-0.635499870152661,-0.23504629540797956,0
0.44700075902942066,-0.3277657507263751,0.4952633989112561,0.19470237059364856,0.7120151012930098,0.27822096145858694,0.44000491120816615,0.521034183356852,0
0.4084068270868896,-0.23320826560633645,0.4631640473844865,0.1574315921068906,0.9588353330872676,0.38356948261511115,0.5993389528912515,0.7730610096117958,0
3.6245678222978053,-1.0842256316866843,2.7047687623372267,3.1453056674619853,-1.1391366371639242,-0.8806127712631806,-1.0338349743603747,-0.9911267741728111,0
-0.492118251572167,0.33413664511389546,-0.21092233467767366,-0.0227105039124396,-0.5220860576782795,-0.35387016548055905,-0.4363323180488041,0.2690073571019082,0
1.315364227736368,-1.0842256316866843,0.8055571303366953,0.9152707546709686,1.8227061443671702,1.3843804336020922,1.6350102238313073,0.7730610096117958,0
1.1674208219566657,-1.0842256316866843,0.6611100484662322,0.778611233552856,3.6738578828241044,1.4897289547586166,2.2723463905636496,3.293329272161235,0
-0.18336679603191913,0.4286941302339342,0.019123017930841327,-0.14694643220163284,0.34178475360162297,0.6996150460846842,0.639172463312023,0.521034183356852,0
0.1768432354317038,0.5232516153539727,0.3775657766464343,0.4121152450997367,0.5886049853958808,0.9103120883977329,0.8383400154158799,0.2690073571019082,0
0.273328065288031,1.1378752686342242,0.2063692351703305,0.3810562630274384,1.9461162602642992,2.0691458211195,2.1926793697221063,0.7730610096117958,0
0.1446816254795946,1.2324327537542628,0.20101934324920223,0.10152542437675363,1.3290656807786545,1.8057745182281892,1.7943442655143926,3.0413024459062905,0
0.0932230495562199,1.3269902388743011,0.22776880285484355,0.033195663817697355,1.2056555648815255,1.647751736493403,1.6350102238313073,3.293329272161235,0
0.24759877732634367,1.0905965260742045,0.14752042403791962,0.2319731490804065,1.5758859125729126,2.0691458211195,2.0731788384597927,2.7892756196513466,0
0.11895233751790725,-0.7532744337665491,0.3294167493562805,-0.2401233784185274,0.465194869498752,-0.5118929472153455,-0.23716476594494723,-0.23504629540797956,0
1.508333887449023,-0.8478319188865877,1.1158508617621339,1.201013389736113,1.4524757966757835,0.06752391914553812,0.519671932049709,0.2690073571019082,0
0.11252001552748542,0.47597287279395334,0.3775657766464343,0.4369624307575746,-0.6454961735754084,-0.30119590490229686,-0.4363323180488041,-0.23504629540797956,0
0.06749376159453255,-1.0842256316866843,-0.25372147004669976,-0.2898177497342047,0.09496452180736514,-0.7752642501066563,-0.5558328493111182,0.521034183356852,0
-0.16406983006065362,1.4688264665543596,-0.19487265891428887,-0.21527619276068877,0.9588353330872676,2.9119339903716943,2.511347453088278,0.2690073571019082,0
0.8136431124834647,-0.9896681465666456,0.5166629665957692,0.4928685984877116,0.34178475360162297,-0.7225899895283941,-0.4761658284695755,0.0169805308469644,0
0.3376512851922494,-0.044093295366259076,0.3936154524098191,0.3437854845406804,0.465194869498752,-0.03782460201098606,0.12133682784199508,1.2771146621216838,0
1.4826045994873358,-1.0842256316866843,0.923254752601517,1.0767774614469199,-0.2752658258840217,-0.8806127712631806,-0.7550004014149752,0.0169805308469644,0
2.0872428665869878,-1.0842256316866843,1.4261445931875731,1.6606863244061272,3.920678114618362,0.9629863489759949,1.9935118176182496,3.5453560984161787,0
-0.1447728640893881,0.5232516153539727,-0.08787482049172392,0.058042849475536,0.7120151012930098,0.7522893066629461,0.7985065049951083,-0.23504629540797956,0
0.4984593349527953,-0.044093295366259076,0.27056793822386965,0.5487747662178486,0.9588353330872676,0.27822096145858694,0.4798384216289374,1.02508783586674,0
0.922992586320636,0.00318544719376008,0.7734577788099257,0.7227050658227191,2.9333971874413307,3.227979553841268,3.387684682345248,0.2690073571019082,0
0.7557522145696689,-0.5641594635264717,0.4792137231478713,0.4369624307575746,2.686576955647073,3.491350856732579,3.4673517031867904,-0.23504629540797956,0
0.8843986543781049,-0.4696019784064331,0.69855929191413,0.9028471618420493,0.7120151012930098,0.014849658567276151,0.2408373591043093,0.7730610096117958,0
0.24116645533592182,-0.3277657507263751,0.23846858669710008,0.05183105306107633,1.2056555648815255,0.43624374319337333,0.7586729945743371,1.2771146621216838,0
0.9036956203493705,-0.9896681465666456,0.5220128585168974,0.5611983590467678,1.9461162602642992,-0.09049886258924826,0.5595054424704802,0.2690073571019082,0
0.36981289514435856,0.4286941302339342,0.17426988364356094,0.19470237059364856,1.2056555648815255,2.0691458211195,1.9536783071974784,0.521034183356852,0
0.6206734527708102,-1.0842256316866843,0.2063692351703305,0.24439674190932584,0.465194869498752,-0.19584738374577268,0.0018362965796810298,-0.7390999479178673,0
-2.8077541681240263,-1.0842256316866843,-2.645123158791031,-3.0664907469976708,-1.1391366371639242,-0.8806127712631806,-1.0338349743603747,-0.9911267741728111,0
0.6206734527708102,-1.0842256316866843,0.2063692351703305,0.24439674190932584,0.5886049853958808,-0.14317312316751046,0.12133682784199508,-0.7390999479178673,0
-1.0903241966813972,-0.8005531763265684,-1.0401555824525537,-1.2029518226597742,-0.3986759417811506,-1.0913098135762291,-0.9940014639396033,-0.7390999479178673,0
1.8363823089605362,-1.0842256316866843,1.217498808263571,1.4184262642422005,0.7120151012930098,-0.03782460201098606,0.2010038486835377,0.2690073571019082,0
0.42770379305815515,0.05046418975377945,0.5434124262014104,0.4121152450997367,1.3290656807786545,0.6996150460846842,0.957840546678194,1.02508783586674,0
0.15111394747001644,-0.4696019784064331,0.3026672897506392,-0.004075114669060616,1.2056555648815255,0.12019817972380033,0.4798384216289374,0.521034183356852,0
0.6078088087899666,0.71236658559405,0.7306586434408996,0.6792224909215014,1.4524757966757835,1.4897289547586166,1.5951767134105357,1.5291414883766274,0
0.3376512851922494,-0.6114382060864911,0.25986815438161315,0.14500799927797126,-0.2752658258840217,-0.40654442605882124,-0.3964988076280327,-0.23504629540797956,0
0.472730046991108,-0.8005531763265684,0.18496966748581745,0.2009141670081082,2.809987071544202,1.4897289547586166,2.0333453280390206,1.7811683146315715,0
-2.8077541681240263,-1.0842256316866843,-2.645123158791031,-3.0664907469976708,2.1929364920585575,-0.19584738374577268,0.5595054424704802,-0.9911267741728111,0
-2.8077541681240263,-1.0842256316866843,-2.645123158791031,-3.0664907469976708,-1.1391366371639242,-1.0386355529979672,-1.1533355056226888,-0.9911267741728111,0
0.5306209449049045,0.00318544719376008,0.7841575626521823,0.5115039877310906,0.465194869498752,0.4889180037716355,0.519671932049709,0.7730610096117958,0
0.20900484538381262,0.33413664511389546,0.6183109130972061,0.2506085383237855,0.34178475360162297,0.5942665249281597,0.5595054424704802,0.7730610096117958,0
1.038774382148229,-0.4696019784064331,0.9874534556550562,0.9276943474998879,0.465194869498752,0.38356948261511115,0.44000491120816615,0.7730610096117958,0
0.5885118428187011,-1.036946889126665,0.19031955940694573,0.22576135266594685,1.4524757966757835,0.12019817972380033,0.5993389528912515,0.0169805308469644,0
0.42770379305815515,-1.0842256316866843,0.029822801773097853,0.08289003513337465,1.8227061443671702,0.17287244030206253,0.7188394841535658,0.0169805308469644,0
0.6785643506846067,-1.0842256316866843,0.25451826246048487,0.30030290963946277,1.0822454489843967,0.06752391914553812,0.36033789036662334,0.2690073571019082,0
0.8265077564643084,-1.036946889126665,0.44711437162110174,0.4431742271720343,1.0822454489843967,0.17287244030206253,0.44000491120816615,-0.23504629540797956,0
-0.003261780300107667,-0.7059956912065297,0.6022612373338213,0.039407460232157014,-0.7689062894725374,-0.8806127712631806,-0.9143344430980607,-0.23504629540797956,0
-0.6271970133710252,0.05046418975377945,-0.5586653095510103,-0.302241342563124,-0.3986759417811506,-0.8279385106849184,-0.7550004014149752,0.0169805308469644,0
0.11252001552748542,-0.6587169486465104,0.17426988364356094,-0.1034638573004152,0.34178475360162297,-0.4592186866370834,-0.23716476594494723,-0.23504629540797956,0
-1.0774595527005535,-0.4696019784064331,-1.0401555824525537,-0.9172091875946301,-0.7689062894725374,-0.985961292419705,-1.0338349743603747,-0.4870731216629234,0
0.6078088087899666,0.00318544719376008,0.8590560495479779,0.5736219518756872,0.09496452180736514,0.06752391914553812,0.04166980700045244,0.2690073571019082,0
0.5949441648091229,1.2324327537542628,0.45781415546335824,0.6046809339479855,2.0695263761614284,2.3851913845890733,2.4715139426675066,1.7811683146315715,0
0.3054896752401402,0.19230041743383755,0.24381847861822833,0.5177157841455502,0.5886049853958808,0.6996150460846842,0.7586729945743371,-0.4870731216629234,0
0.46629772500068617,0.9960390409541662,0.8965052929958758,0.5798337482901469,0.7120151012930098,1.4897289547586166,1.396009161306679,6.065624360965616,0
0.6914289946654505,-0.09137203792627845,0.4631640473844865,0.49908039490217126,2.686576955647073,2.964608250949957,3.108850109399848,1.02508783586674,0
0.9680188402535888,-0.9896681465666456,0.5915614534915647,0.5984691375335258,2.439756723852815,1.4897289547586166,1.913844796776707,0.521034183356852,0
0.23473413334549997,1.0433177835141854,0.22776880285484355,0.1512197956924309,1.2056555648815255,3.386002335576054,2.9495160677167624,1.5291414883766274,0
0.12538465950832908,0.2395791599938567,0.778807670731054,0.49908039490217126,-0.3986759417811506,-0.19584738374577268,-0.27699827636571867,-0.7390999479178673,0
0.38910986111562407,0.4286941302339342,0.9500042122071584,0.5425629698033889,-0.2752658258840217,0.17287244030206253,0.04166980700045244,-0.4870731216629234,0
-0.2734193038978245,-0.4696019784064331,-0.029026009359313033,-0.04755768957027825,-0.3986759417811506,-1.0913098135762291,-0.9541679535188319,-0.7390999479178673,0
0.21543716737423446,1.0905965260742045,0.5969113454126931,0.4928685984877116,0.465194869498752,0.6469407855064219,0.639172463312023,1.2771146621216838,0
1.3861197696310084,-1.0842256316866843,0.8430063737845931,0.9836005152300249,2.0695263761614284,1.2263576518673056,1.5951767134105357,3.0413024459062905,0
0.24759877732634367,0.5232516153539727,0.3989653443309473,0.6419517124347435,-0.15185570998689268,0.014849658567276151,0.0018362965796810298,0.7730610096117958,0
0.5949441648091229,-0.2804870081663558,0.21171912709145876,0.6792224909215014,0.09496452180736514,0.22554670088032475,0.2010038486835377,0.2690073571019082,0
1.926434816826442,-1.0842256316866843,1.303097079001623,1.5053914140446356,3.6738578828241044,1.595077475915141,2.3918469218259633,4.553463403435954,0
1.9071378508551764,-0.8478319188865877,1.8808854064834748,1.4867560248012568,-0.7689062894725374,0.5942665249281597,0.1611703382627665,-0.23504629540797956,0
0.41483914907731145,1.2324327537542628,0.4043152362520756,0.5115039877310906,0.8354252171901388,3.069956772106481,2.59101447392982,1.5291414883766274,0
-1.1996736705185684,-0.9423894040066264,-0.863609149055321,-1.5135416433827569,-0.7689062894725374,-1.1439840741544915,-1.1135019952019176,-0.23504629540797956,0
-2.8077541681240263,-1.0842256316866843,-2.645123158791031,-3.0664907469976708,-1.1391366371639242,-1.4073553770458023,-1.4321700785680884,-0.9911267741728111,0
-1.1996736705185684,-0.9423894040066264,-0.863609149055321,-1.5135416433827569,-0.7689062894725374,-1.0386355529979672,-1.0338349743603747,-0.23504629540797956,0
0.5241886229144826,-0.6587169486465104,0.318716965514024,0.3499972809551401,0.7120151012930098,-0.09049886258924826,0.1611703382627665,-0.23504629540797956,0
0.9101279423397922,-0.9896681465666456,0.57551177772818,0.5239275805600099,0.7120151012930098,-0.35387016548055905,0.0018362965796810298,-0.23504629540797956,0
0.18327555742212565,-0.2804870081663558,0.003073342167456541,0.18849057417918888,0.7120151012930098,0.12019817972380033,0.3205043799458521,0.0169805308469644,0
0.5756471988378574,-0.9896681465666456,0.28126772206612616,0.21333775983702752,0.7120151012930098,0.5415922643498977,0.6790059737327943,0.0169805308469644,0
0.839372400445152,-1.036946889126665,0.5273627504380256,0.4555978200009536,1.2056555648815255,0.06752391914553812,0.4001714007873946,-0.4870731216629234,0
1.2188793978800405,-1.0842256316866843,0.7039091838352582,0.8220938084540736,2.439756723852815,1.5424032153368785,1.9536783071974784,1.5291414883766274,0
-0.2862839478786682,2.13072886239463,-0.29652060541572584,-0.2090643963462291,-0.5220860576782795,0.22554670088032475,0.0018362965796810298,-0.4870731216629234,1
-0.3441748457924647,-0.8951106614466071,-0.4998164984185995,-0.6190429597005664,-0.6454961735754084,-0.7225899895283941,-0.7151668909942037,-0.7390999479178673,1
0.2990573532497184,-0.5641594635264717,0.3026672897506392,0.2009141670081082,-0.02844559408976377,-0.14317312316751046,-0.11766423468263319,0.0169805308469644,1
0.273328065288031,1.0433177835141854,0.24916837053935662,0.5487747662178486,-0.6454961735754084,-0.09049886258924826,-0.27699827636571867,-0.7390999479178673,1
-0.20909608399360613,-0.09137203792627845,0.15822020788017616,0.02077207098877803,-1.0157265212667954,-0.8806127712631806,-0.9940014639396033,-0.4870731216629234,1
0.27976038727845287,-0.1386507804862978,0.1368206401956631,0.014560274574318367,1.0822454489843967,0.7522893066629461,0.9180070362574227,0.2690073571019082,1
-0.09974661015643524,1.2324327537542628,0.11007118059002179,-0.004075114669060616,-0.5220860576782795,0.17287244030206253,-0.03799721384109038,1.02508783586674,1
-1.1996736705185684,-0.1386507804862978,-2.645123158791031,-0.7370670915752999,-1.1391366371639242,-0.6172414683718699,-0.8346674222565178,-0.9911267741728111,1
0.10608769353706358,2.9817462284749774,0.15822020788017616,0.2009141670081082,0.2183746377044942,2.2271686028542867,1.7545107550936214,0.521034183356852,1
-0.11904357612770075,-0.7532744337665491,-0.2323219023621867,-0.3705711031221803,-0.5220860576782795,-0.4592186866370834,-0.4761658284695755,-0.23504629540797956,1
-0.1447728640893881,-0.6587169486465104,-0.1039244962551087,-0.22769978558960807,-0.8923164053696664,-1.1439840741544915,-1.1533355056226888,-0.7390999479178673,1
0.3440836071826712,-0.42232323584641385,0.24916837053935662,0.2816675203960838,-0.8923164053696664,-0.7752642501066563,-0.8745009326772892,-0.23504629540797956,1
0.2926250312592965,-0.044093295366259076,0.25451826246048487,0.3748444666129787,0.34178475360162297,0.12019817972380033,0.1611703382627665,0.2690073571019082,1
-0.2348253719552935,0.8069240707140888,-2.645123158791031,0.6605871016781225,-1.1391366371639242,-0.6172414683718699,-0.8346674222565178,0.2690073571019082,1
-0.2348253719552935,0.2868579025538761,-1.0401555824525537,0.3499972809551401,-0.6454961735754084,-0.5118929472153455,-0.5956663597318895,-0.23504629540797956,1
-0.5114152175434326,-0.1386507804862978,-0.6389136883679343,-0.4016300851944786,1.3290656807786545,0.17287244030206253,0.5595054424704802,-0.23504629540797956,1
-0.3570394897733084,-0.18592952304631719,-0.012976333595928246,-0.14073463578717316,-0.5220860576782795,-0.09049886258924826,-0.23716476594494723,-0.7390999479178673,1
0.13181698149875093,0.8069240707140888,0.6129610211760779,0.6046809339479855,-0.15185570998689268,0.6469407855064219,0.4798384216289374,0.0169805308469644,1
-0.39563342171583943,-0.044093295366259076,-0.4142182276805476,0.039407460232157014,-0.3986759417811506,-0.8279385106849184,-0.7550004014149752,-0.7390999479178673,1
0.2668957432976092,-0.7059956912065297,0.7948573464944387,0.17606698135026957,-1.0157265212667954,-1.0386355529979672,-1.1135019952019176,-0.9911267741728111,1
-0.06758500020432605,-0.4696019784064331,-0.07182514472833913,-0.10967565371487487,-0.15185570998689268,-0.35387016548055905,-0.31683178678649004,0.2690073571019082,1
-2.8077541681240263,-0.9423894040066264,-2.645123158791031,-3.0664907469976708,-0.7689062894725374,-1.249332595311016,-1.1533355056226888,-0.9911267741728111,1
0.4598654030102643,-0.5168807209664524,0.4203649120154604,0.430750634343115,-0.15185570998689268,-0.5645672077936077,-0.4761658284695755,-0.4870731216629234,1
-1.1996736705185684,1.0433177835141854,-0.863609149055321,-0.9979625409826054,-1.1391366371639242,-0.35387016548055905,-0.635499870152661,-0.9911267741728111,1
-0.44065967564879227,0.8542028132741079,0.3454664251196653,-0.3146649353920433,-0.7689062894725374,0.06752391914553812,-0.19733125552417582,0.2690073571019082,1
-0.19623144001276244,-0.09137203792627845,-0.012976333595928246,0.06425464588999566,-0.5220860576782795,-0.40654442605882124,-0.4761658284695755,0.0169805308469644,1
-1.52128977003966,1.279711496314282,-2.645123158791031,-1.2029518226597742,-1.1391366371639242,-1.4073553770458023,-1.4321700785680884,-0.9911267741728111,1
-0.3184455578307774,0.1450216748738182,-0.5800648772355235,0.1512197956924309,-0.8923164053696664,-0.6172414683718699,-0.7550004014149752,-0.4870731216629234,1
-0.3055809138499337,0.05046418975377945,0.029822801773097853,-0.10967565371487487,-0.6454961735754084,-0.7225899895283941,-0.7948339118357465,-0.7390999479178673,1
-0.028991068261795018,0.71236658559405,-0.24837157812557148,0.2816675203960838,-1.0157265212667954,-0.6172414683718699,-0.7948339118357465,-0.7390999479178673,1
-0.2412576939457153,2.6507950305548427,0.3989653443309473,0.40590344868527706,-0.7689062894725374,-0.19584738374577268,-0.3964988076280327,-0.4870731216629234,1
0.4084068270868896,-0.6587169486465104,0.923254752601517,1.0767774614469199,-1.1391366371639242,-0.985961292419705,-1.1135019952019176,-0.9911267741728111,1
-0.7236818432273529,-0.09137203792627845,-1.195302448165273,-0.40784188160893825,-0.7689062894725374,-0.6699157289501321,-0.7151668909942037,-0.4870731216629234,1
-0.2734193038978245,1.1851540111942434,-0.23767179428331497,0.1698551849358099,-0.8923164053696664,-0.5645672077936077,-0.7151668909942037,-0.7390999479178673,1
0.2540310993167655,-0.6114382060864911,0.28661761398725444,0.11394901720567295,-0.6454961735754084,-0.14317312316751046,-0.31683178678649004,-0.4870731216629234,1
-2.8077541681240263,-0.7532744337665491,-2.645123158791031,-3.0664907469976708,-1.1391366371639242,-1.0386355529979672,-1.1533355056226888,-0.9911267741728111,1
0.4084068270868896,-0.8478319188865877,0.5648119938859235,0.039407460232157014,-0.5220860576782795,-1.1439840741544915,-1.0338349743603747,0.2690073571019082,1
-2.8077541681240263,-0.6114382060864911,-2.645123158791031,-3.0664907469976708,-1.1391366371639242,-1.1439840741544915,-1.2330025264642315,-0.9911267741728111,1
-2.8077541681240263,-1.0842256316866843,-2.645123158791031,-3.0664907469976708,-1.1391366371639242,-1.4073553770458023,-1.4321700785680884,-0.9911267741728111,1
0.41483914907731145,1.1851540111942434,0.28126772206612616,0.4742332092443326,0.09496452180736514,0.43624374319337333,0.36033789036662334,0.0169805308469644,1
0.022467507661579685,1.7997776644744945,0.23846858669710008,0.3810562630274384,-0.5220860576782795,0.6996150460846842,0.36033789036662334,-0.23504629540797956,1
0.13824930348917278,-0.18592952304631719,0.18496966748581745,0.039407460232157014,0.34178475360162297,0.38356948261511115,0.36033789036662334,1.5291414883766274,1
-0.29271626986909,-0.1386507804862978,-0.3125702811791106,-0.26497056407636604,-1.0157265212667954,-1.0386355529979672,-1.1135019952019176,-0.9911267741728111,1
-0.29271626986909,2.7453525156748806,-0.3339698488636237,0.23818494549486618,-0.7689062894725374,-0.09049886258924826,-0.27699827636571867,-0.4870731216629234,1
-0.4728212856009015,1.3269902388743011,-0.612164228762293,-0.3705711031221803,-0.6454961735754084,0.5415922643498977,0.2010038486835377,-0.4870731216629234,1
-0.3892010997254176,1.3269902388743011,-0.3339698488636237,-0.2898177497342047,-0.15185570998689268,0.6469407855064219,0.44000491120816615,-0.4870731216629234,1
0.23473413334549997,0.9014815558341275,0.15822020788017616,0.07667823871891498,-0.6454961735754084,0.43624374319337333,0.12133682784199508,0.0169805308469644,1
0.4084068270868896,-0.9423894040066264,2.7047687623372267,0.039407460232157014,-1.1391366371639242,-1.0386355529979672,-1.1533355056226888,-0.9911267741728111,1
-0.7687080971603056,-0.3277657507263751,-0.863609149055321,-0.6873727202596227,-0.7689062894725374,-0.8279385106849184,-0.8745009326772892,-0.4870731216629234,1
-0.09974661015643524,2.83991000079492,-0.14672363162413452,-0.004075114669060616,-0.6454961735754084,2.016471560541238,1.3163421404651365,0.0169805308469644,1
-0.13190822010854442,1.6106626942344173,-0.11997417201849349,-0.14073463578717316,-0.02844559408976377,1.0156606095542569,0.7586729945743371,0.7730610096117958,1
-2.8077541681240263,-1.0842256316866843,-2.645123158791031,-3.0664907469976708,-0.7689062894725374,-1.0386355529979672,-1.0338349743603747,-0.9911267741728111,1
0.12538465950832908,1.6106626942344173,-0.012976333595928246,0.30030290963946277,-0.6454961735754084,0.12019817972380033,-0.11766423468263319,0.0169805308469644,1
-0.2348253719552935,0.33413664511389546,0.029822801773097853,0.039407460232157014,-1.1391366371639242,0.17287244030206253,-0.23716476594494723,1.5291414883766274,1
0.44700075902942066,-0.044093295366259076,-0.26977114581008454,1.0208712937167828,-0.7689062894725374,-0.40654442605882124,-0.5558328493111182,-0.4870731216629234,1
-0.11261125413727892,-0.09137203792627845,0.3508163170407936,0.1574315921068906,-0.6454961735754084,-0.40654442605882124,-0.5159993388903469,-0.7390999479178673,1
-2.2224128669956396,-0.37504449328639444,-2.645123158791031,-2.221686434631158,-0.5220860576782795,-0.6172414683718699,-0.635499870152661,-0.9911267741728111,1
-0.27985162588824636,-0.1386507804862978,-0.22697201044105844,-0.11588745012933452,-0.8923164053696664,-0.7752642501066563,-0.8745009326772892,-0.7390999479178673,1
-0.17693447404149729,0.6178091004740115,-0.24302168620444323,-0.1531582286160925,-0.6454961735754084,-0.03782460201098606,-0.23716476594494723,-0.23504629540797956,1
-0.003261780300107667,0.2868579025538761,0.06192215329986742,0.4369624307575746,-0.3986759417811506,-0.5645672077936077,-0.5558328493111182,-0.7390999479178673,1
-0.3763364557445739,-0.42232323584641385,0.4096651281732039,-0.05376948598473791,-0.6454961735754084,-0.6699157289501321,-0.7151668909942037,-0.7390999479178673,1
-0.7429788091986184,0.9014815558341275,-1.8800886140696902,-0.18421721068839045,-0.6454961735754084,-0.8806127712631806,-0.8745009326772892,-0.4870731216629234,1
-0.5114152175434326,-0.4696019784064331,-1.3076501785089665,0.039407460232157014,-1.0157265212667954,-1.249332595311016,-1.272836036885003,-0.9911267741728111,1
0.18970787941254746,2.2252863475146683,0.07262193714212395,0.22576135266594685,-0.2752658258840217,0.9103120883977329,0.5595054424704802,0.0169805308469644,1
0.24116645533592182,0.47597287279395334,0.473863831226743,0.7723994371383963,-1.0157265212667954,-0.09049886258924826,-0.3964988076280327,-0.7390999479178673,1
0.39554218310604594,0.1450216748738182,0.3989653443309473,0.29409111322500314,0.9588353330872676,0.5415922643498977,0.7188394841535658,0.2690073571019082,1
-0.2219607279744498,2.0834501198346107,-0.09857460433398044,-0.06619307881365723,-0.3986759417811506,2.016471560541238,1.396009161306679,-0.4870731216629234,1
-0.2348253719552935,0.09774293231379882,0.094021504826637,-0.2401233784185274,-0.6454961735754084,-0.14317312316751046,-0.31683178678649004,0.0169805308469644,1
1.2832026177842588,-0.1386507804862978,1.1746996728945447,1.4494852463144987,0.09496452180736514,-0.6172414683718699,-0.4363323180488041,0.2690073571019082,1
-0.1254758981181226,0.19230041743383755,0.08867161290550873,-0.0724048752281169,-0.3986759417811506,-0.6699157289501321,-0.635499870152661,-0.23504629540797956,1
3.6245678222978053,-1.0842256316866843,2.7047687623372267,3.1453056674619853,-0.5220860576782795,-1.1439840741544915,-1.0338349743603747,1.5291414883766274,1
-0.1254758981181226,1.1851540111942434,0.029822801773097853,0.24439674190932584,-0.7689062894725374,-0.6172414683718699,-0.6753333805734324,-0.4870731216629234,1
-0.20266376200318428,1.0433177835141854,-0.3232700650213672,0.039407460232157014,-1.0157265212667954,-0.5645672077936077,-0.7550004014149752,-0.7390999479178673,1
0.8651016884068394,-0.8478319188865877,1.03560248294521,0.6295281196058241,-0.8923164053696664,-0.8279385106849184,-0.9143344430980607,-0.7390999479178673,1
-0.22839304996487164,1.9888926347145717,0.2063692351703305,0.29409111322500314,-0.8923164053696664,-0.6699157289501321,-0.7948339118357465,-0.4870731216629234,1
-1.3797786862503798,-0.8478319188865877,2.7047687623372267,-1.3396113437778865,-1.0157265212667954,-1.1966583347327537,-1.272836036885003,-0.9911267741728111,1
-0.6143323693901815,2.414401317754746,-2.645123158791031,0.10773722079121328,-0.8923164053696664,-0.8806127712631806,-0.9541679535188319,0.521034183356852,1
-0.15763750807023177,0.2395791599938567,-0.11462428009736522,0.05183105306107633,-0.02844559408976377,0.014849658567276151,0.0018362965796810298,0.2690073571019082,1
-0.6657909453135563,-1.036946889126665,-0.6389136883679343,-0.9979625409826054,-0.8923164053696664,-1.249332595311016,-1.2330025264642315,-0.9911267741728111,1
-0.17050215205107547,0.2868579025538761,0.18496966748581745,-0.14694643220163284,-0.6454961735754084,0.014849658567276151,-0.15749774510340442,0.2690073571019082,1
0.048196795623267036,0.5232516153539727,-0.05042557704382608,-0.10967565371487487,0.5886049853958808,1.7531002576499273,1.5155096925689933,-0.23504629540797956,1
-0.8651929270166332,-0.2804870081663558,-1.2060022320075294,-0.755702480818679,-0.5220860576782795,-0.6699157289501321,-0.6753333805734324,-0.7390999479178673,1
0.5627825548570137,2.698073773114862,0.6718098323084887,0.5984691375335258,0.2183746377044942,2.3325171240108107,1.8341777759351638,1.7811683146315715,1
-0.06115267821390421,1.4688264665543596,-0.012976333595928246,0.1387962028635116,-0.3986759417811506,0.5415922643498977,0.2806708695250805,0.521034183356852,1
-0.24769001593613715,0.3814153876739148,-0.1734730912297758,-0.08482846805703621,-0.15185570998689268,0.06752391914553812,0.0018362965796810298,0.0169805308469644,1
0.13181698149875093,-0.044093295366259076,0.1368206401956631,0.039407460232157014,0.465194869498752,0.6996150460846842,0.6790059737327943,2.033195140886515,1
0.048196795623267036,-0.7059956912065297,0.923254752601517,0.039407460232157014,-0.8923164053696664,-1.0386355529979672,-1.1135019952019176,-0.7390999479178673,1
0.24759877732634367,0.1450216748738182,0.16891999172243266,0.3562090773695997,-0.6454961735754084,-0.5645672077936077,-0.635499870152661,-0.4870731216629234,1
-0.4599566416200578,-0.1386507804862978,-0.4570173630495737,-0.7370670915752999,-0.5220860576782795,1.1210091307107812,0.6790059737327943,1.5291414883766274,1
-2.8077541681240263,-0.6114382060864911,-2.645123158791031,-3.0664907469976708,-1.1391366371639242,-1.4073553770458023,-1.4321700785680884,-0.9911267741728111,1
-0.08688196617559156,0.33413664511389546,-0.24837157812557148,0.5177157841455502,-0.8923164053696664,-0.8806127712631806,-0.9541679535188319,-0.9911267741728111,1
-0.03542339025221686,-0.09137203792627845,0.21706901901258702,0.058042849475536,-0.5220860576782795,-0.7752642501066563,-0.7550004014149752,-0.7390999479178673,1
-0.6657909453135563,-0.6114382060864911,0.029822801773097853,-0.9979625409826054,0.09496452180736514,-0.8806127712631806,-0.635499870152661,-0.9911267741728111,1
-2.8077541681240263,-0.8478319188865877,-2.645123158791031,-3.0664907469976708,-1.1391366371639242,-1.4073553770458023,-1.4321700785680884,-0.9911267741728111,1
0.4084068270868896,-0.9423894040066264,2.7047687623372267,0.039407460232157014,-0.7689062894725374,-1.0386355529979672,-1.0338349743603747,-0.9911267741728111,1
-0.06758500020432605,-0.42232323584641385,-0.04507568512269782,0.039407460232157014,-0.8923164053696664,-0.7752642501066563,-0.9143344430980607,-0.7390999479178673,1
-2.8077541681240263,-0.6114382060864911,-2.645123158791031,-3.0664907469976708,-1.1391366371639242,-1.1439840741544915,-1.2330025264642315,-0.9911267741728111,1
-0.4728212856009015,0.2395791599938567,-0.3981685519171628,-0.3705711031221803,-0.7689062894725374,-0.7752642501066563,-0.8745009326772892,-0.7390999479178673,1
0.13181698149875093,1.2324327537542628,-0.018326225517056507,0.32515009529730143,-0.15185570998689268,0.22554670088032475,0.12133682784199508,0.7730610096117958,1
1.4826045994873358,-0.37504449328639444,1.3672957820551621,1.281766743124088,0.09496452180736514,-0.35387016548055905,-0.23716476594494723,0.2690073571019082,1
-0.04828803423306053,0.2395791599938567,-0.14137373970300623,0.27545572398162416,-0.8923164053696664,-0.03782460201098606,-0.31683178678649004,-0.9911267741728111,1
0.06749376159453255,2.0834501198346107,-0.09322471241285218,0.19470237059364856,-0.5220860576782795,0.9629863489759949,0.5595054424704802,-0.7390999479178673,1
0.4084068270868896,-0.9423894040066264,0.5648119938859235,0.039407460232157014,-0.7689062894725374,-0.6172414683718699,-0.7151668909942037,-0.23504629540797956,1
-0.5564414714763853,0.09774293231379882,-0.4784169307340865,-0.1034638573004152,-1.0157265212667954,-0.9332870318414429,-1.0338349743603747,-0.7390999479178673,1
-2.8077541681240263,-1.0842256316866843,-2.645123158791031,-3.0664907469976708,-1.1391366371639242,-1.4073553770458023,-1.4321700785680884,-0.9911267741728111,1
0.11895233751790725,0.05046418975377945,0.923254752601517,0.6046809339479855,-0.2752658258840217,-0.9332870318414429,-0.7948339118357465,-0.7390999479178673,1
0.08679072756579806,0.8542028132741079,0.2331186947759718,-0.04134589315581858,0.34178475360162297,-0.30119590490229686,-0.11766423468263319,-0.9911267741728111,1
-0.3441748457924647,0.2868579025538761,-0.4784169307340865,-0.25254697124744674,-0.6454961735754084,0.014849658567276151,-0.23716476594494723,-0.4870731216629234,1
-0.5757384374476509,-0.42232323584641385,-0.3018704973368541,-0.718431702331921,-0.7689062894725374,-0.7752642501066563,-0.8346674222565178,-0.23504629540797956,1
0.06749376159453255,-0.3277657507263751,-0.09322471241285218,0.06425464588999566,-0.6454961735754084,-0.5645672077936077,-0.6753333805734324,-0.7390999479178673,1
-0.41493038768710494,1.3742689814343207,-0.3286199569424954,-0.27739415690528535,-0.3986759417811506,-0.19584738374577268,-0.27699827636571867,0.0169805308469644,1
-0.5178475395338543,-0.37504449328639444,0.45246426354222996,-0.5134424206547525,-0.6454961735754084,-0.9332870318414429,-0.9143344430980607,-0.7390999479178673,1
0.13824930348917278,-0.044093295366259076,0.11542107251115005,0.05183105306107633,-0.7689062894725374,-0.09049886258924826,-0.31683178678649004,-0.7390999479178673,1
-1.2768615344036305,-0.9423894040066264,-1.3878985573258904,-1.439000086409241,-0.15185570998689268,-0.7752642501066563,-0.6753333805734324,-0.23504629540797956,1
0.4084068270868896,-0.37504449328639444,2.7047687623372267,0.815882012039614,-1.1391366371639242,-0.35387016548055905,-0.635499870152661,-0.9911267741728111,1
0.17041091344128195,0.2395791599938567,0.4203649120154604,0.19470237059364856,0.09496452180736514,-0.09049886258924826,0.0018362965796810298,-0.4870731216629234,1
-0.8844898929878987,-0.6114382060864911,-0.7459115267904995,-1.0662923015416617,-0.3986759417811506,-0.6699157289501321,-0.635499870152661,-0.9911267741728111,1
0.44700075902942066,-0.4696019784064331,0.18496966748581745,0.30651470605392245,0.5886049853958808,0.38356948261511115,0.4798384216289374,0.7730610096117958,1
0.1961402014029693,-0.3277657507263751,0.15822020788017616,0.1698551849358099,-0.8923164053696664,-0.6699157289501321,-0.7948339118357465,-0.4870731216629234,1
0.311921997230562,0.8542028132741079,0.094021504826637,0.3624208737840594,-0.7689062894725374,0.12019817972380033,-0.15749774510340442,0.0169805308469644,1
-0.009694102290529505,-0.23320826560633645,0.07797182906325222,0.10152542437675363,-0.3986759417811506,-0.5645672077936077,-0.5159993388903469,-0.23504629540797956,1
-0.08688196617559156,1.279711496314282,0.25451826246048487,0.13258440644905192,-0.6454961735754084,0.06752391914553812,-0.19733125552417582,0.0169805308469644,1
-0.9037868589591642,-0.3277657507263751,-1.3076501785089665,-0.5755603847993488,-0.7689062894725374,-0.985961292419705,-0.9940014639396033,-0.9911267741728111,1
-0.1254758981181226,0.5232516153539727,0.36686599280417775,0.22576135266594685,-0.7689062894725374,-0.6699157289501321,-0.7550004014149752,-0.7390999479178673,1
-0.16406983006065362,-0.7059956912065297,-0.1627733073875193,-0.3146649353920433,-0.3986759417811506,-0.7225899895283941,-0.6753333805734324,-0.4870731216629234,1
-1.8879321234937048,-0.37504449328639444,-1.3076501785089665,-2.1782038597299405,-1.1391366371639242,-0.8806127712631806,-1.0338349743603747,-0.9911267741728111,1
-0.4792536075913233,1.6579414367944365,-0.7673110944750127,-0.05998128239919757,-0.02844559408976377,0.43624374319337333,0.3205043799458521,-0.4870731216629234,1
-2.8077541681240263,-0.1386507804862978,-2.645123158791031,-3.0664907469976708,-1.1391366371639242,-1.4073553770458023,-1.4321700785680884,-0.9911267741728111,1
-0.08688196617559156,0.5232516153539727,-0.12532406393962175,0.28787931681054346,-0.5220860576782795,-0.5118929472153455,-0.5558328493111182,-0.7390999479178673,1
-0.20909608399360613,1.279711496314282,0.6557601565451039,0.28787931681054346,-0.7689062894725374,-0.03782460201098606,-0.27699827636571867,-0.7390999479178673,1
-0.38276877773499574,0.33413664511389546,-0.15207352354526277,-0.39541828878001894,-0.3986759417811506,-0.09049886258924826,-0.19733125552417582,-0.4870731216629234,1
-0.8844898929878987,0.3814153876739148,-0.863609149055321,-0.6066193668716471,-1.0157265212667954,-0.7225899895283941,-0.8745009326772892,-0.7390999479178673,1
-0.8780575709974769,0.8069240707140888,-0.7352117429482431,-0.7867614628909773,-0.5220860576782795,-0.8806127712631806,-0.8346674222565178,-0.9911267741728111,1
-0.1254758981181226,-0.1386507804862978,0.69855929191413,0.38726805944189807,-1.0157265212667954,-0.8279385106849184,-0.9541679535188319,-0.7390999479178673,1
-0.9681100788633826,0.33413664511389546,-0.5051663903397278,-0.8488794270355738,-1.1391366371639242,-0.7225899895283941,-0.9143344430980607,-0.9911267741728111,1
0.1575462694604383,0.8542028132741079,0.03517269369422611,0.02698386740323769,-0.3986759417811506,1.3317061730238302,0.8781735258366511,0.2690073571019082,1
0.4084068270868896,-0.8478319188865877,2.7047687623372267,0.039407460232157014,-0.5220860576782795,-1.1439840741544915,-1.0338349743603747,-0.9911267741728111,1
0.0739260835849544,3.54909113919521,0.2063692351703305,0.24439674190932584,-0.15185570998689268,0.38356948261511115,0.2408373591043093,-0.4870731216629234,1
-0.18336679603191913,2.2252863475146683,-0.35001952462700847,0.3562090773695997,-0.8923164053696664,-0.5118929472153455,-0.6753333805734324,-0.4870731216629234,1
0.009602863680736009,1.7997776644744945,0.051222369457610904,0.19470237059364856,-0.3986759417811506,0.8049635672412085,0.4798384216289374,0.0169805308469644,1
-0.003261780300107667,2.698073773114862,-0.09857460433398044,0.16364338852135024,-0.02844559408976377,0.3308952220368489,0.2806708695250805,0.521034183356852,1
-1.1996736705185684,-0.7532744337665491,-2.645123158791031,-0.7370670915752999,-1.1391366371639242,-1.249332595311016,-1.3126695473057743,-0.9911267741728111,1
-0.18979911802234098,0.47597287279395334,0.14752042403791962,0.058042849475536,-0.3986759417811506,0.06752391914553812,-0.07783072426186179,-0.23504629540797956,1
-0.028991068261795018,1.0905965260742045,-0.1039244962551087,0.08289003513337465,-0.2752658258840217,0.38356948261511115,0.2010038486835377,-0.4870731216629234,1
-0.13190822010854442,0.33413664511389546,-0.012976333595928246,-0.19664080351730978,-0.3986759417811506,-0.03782460201098606,-0.15749774510340442,0.2690073571019082,1
0.15111394747001644,2.5089588028747842,0.07797182906325222,0.2816675203960838,-0.02844559408976377,0.43624374319337333,0.2806708695250805,0.0169805308469644,1
0.0932230495562199,0.2395791599938567,-0.039725793201569555,0.18849057417918888,-0.8923164053696664,-0.24852164432403465,-0.4761658284695755,-0.9911267741728111,1
0.4084068270868896,-0.6587169486465104,0.6450603727028474,0.430750634343115,-0.8923164053696664,-1.0386355529979672,-1.0736684847811462,-0.9911267741728111,1
-0.3248778798211992,0.00318544719376008,-0.7459115267904995,0.19470237059364856,-1.0157265212667954,-1.249332595311016,-1.272836036885003,-0.9911267741728111,1
-0.3763364557445739,-0.4696019784064331,-0.27512103773121277,-0.4451126600956962,-0.6454961735754084,-0.9332870318414429,-0.9143344430980607,-0.7390999479178673,1
-0.5114152175434326,-0.37504449328639444,-0.5051663903397278,-0.18421721068839045,-0.8923164053696664,-0.8806127712631806,-0.9541679535188319,-0.9911267741728111,1
-0.46638896361047966,-0.7532744337665491,-0.5051663903397278,-0.643890145358405,-0.7689062894725374,-0.6699157289501321,-0.7550004014149752,-0.23504629540797956,1
0.1639785914508601,-0.7059956912065297,-0.5051663903397278,0.5177157841455502,-0.8923164053696664,-1.0913098135762291,-1.1135019952019176,-0.4870731216629234,1
0.4084068270868896,-0.8478319188865877,0.923254752601517,0.039407460232157014,-1.1391366371639242,-0.8806127712631806,-1.0338349743603747,-0.9911267741728111,1
-2.8077541681240263,-1.0842256316866843,-2.645123158791031,-3.0664907469976708,-1.1391366371639242,-0.8806127712631806,-1.0338349743603747,-0.9911267741728111,1
-0.13190822010854442,1.2324327537542628,-0.08252492857059565,-0.004075114669060616,-0.2752658258840217,0.43624374319337333,0.2408373591043093,-0.4870731216629234,1
-0.5500091494859636,1.3742689814343207,-0.6496134722101908,-0.20285259993176943,0.09496452180736514,0.22554670088032475,0.1611703382627665,-0.4870731216629234,1
-0.25412233792655897,0.9014815558341275,-0.0076264416747999835,-0.16558182144501146,-0.7689062894725374,-0.24852164432403465,-0.3964988076280327,-0.4870731216629234,1
1.2124470758896186,-0.2804870081663558,0.923254752601517,1.983699737958029,-0.2752658258840217,-0.7225899895283941,-0.635499870152661,-0.23504629540797956,1
0.39554218310604594,1.0433177835141854,0.3936154524098191,0.5611983590467678,-0.6454961735754084,0.014849658567276151,-0.19733125552417582,-0.23504629540797956,1
-0.41493038768710494,0.9960390409541662,-0.3981685519171628,-0.41405367802339793,-0.15185570998689268,-0.19584738374577268,-0.19733125552417582,0.0169805308469644,1
-0.04828803423306053,3.3126974263951134,-0.09322471241285218,0.2195495562514872,-0.5220860576782795,0.38356948261511115,0.12133682784199508,0.2690073571019082,1
-0.19623144001276244,0.9014815558341275,-0.05042557704382608,0.045619256646616674,0.2183746377044942,0.22554670088032475,0.2010038486835377,1.2771146621216838,1
-0.8073020291028367,-0.42232323584641385,-1.1150540693483493,-0.718431702331921,-0.6454961735754084,-0.7752642501066563,-0.7948339118357465,-0.7390999479178673,1
0.1446816254795946,0.19230041743383755,0.6504102646239757,0.30030290963946277,-0.2752658258840217,-0.14317312316751046,-0.15749774510340442,-0.23504629540797956,1
-1.103188840662241,-0.8478319188865877,-0.9331577440299884,-1.3333995473634268,-0.2752658258840217,-0.9332870318414429,-0.7948339118357465,-0.4870731216629234,1
1.1416915339949785,-0.5168807209664524,0.9714037798916714,0.9152707546709686,2.439756723852815,-0.19584738374577268,0.639172463312023,-0.4870731216629234,1
0.054629117613688875,0.05046418975377945,-0.15742341546639102,0.2009141670081082,-0.6454961735754084,-0.24852164432403465,-0.3566652972072613,-0.23504629540797956,1
-0.8394636390549459,0.00318544719376008,-0.863609149055321,-0.5755603847993488,-0.5220860576782795,-0.9332870318414429,-0.8346674222565178,-0.9911267741728111,1
-0.2412576939457153,1.7052201793544561,0.5648119938859235,0.3499972809551401,-0.5220860576782795,-0.14317312316751046,-0.27699827636571867,0.0169805308469644,1
-0.03542339025221686,2.3671225751947267,0.11542107251115005,0.2692439275671645,-0.5220860576782795,0.43624374319337333,0.1611703382627665,-0.4870731216629234,1
-0.2219607279744498,1.42154772399434,0.18496966748581745,-0.01649870749797994,-0.6454961735754084,-0.7225899895283941,-0.7948339118357465,-0.4870731216629234,1
-0.8716252490070551,0.05046418975377945,-0.9706069874778863,-0.5941957740427277,-0.8923164053696664,-1.0386355529979672,-1.1135019952019176,-0.9911267741728111,1
0.12538465950832908,0.5232516153539727,0.2331186947759718,0.6978578801648805,-0.15185570998689268,-0.24852164432403465,-0.23716476594494723,0.0169805308469644,1
-0.29271626986909,-0.23320826560633645,-0.4837668226552147,-0.28360595331974503,-0.7689062894725374,-0.7225899895283941,-0.7948339118357465,-0.7390999479178673,1
0.1575462694604383,0.09774293231379882,0.2224189109337153,0.19470237059364856,0.7120151012930098,0.17287244030206253,0.36033789036662334,-0.4870731216629234,1
-0.8265989950741022,1.5161052091143787,-0.4409676872861889,-0.755702480818679,-0.7689062894725374,-0.4592186866370834,-0.635499870152661,0.2690073571019082,1
0.2861927092688747,-0.5168807209664524,0.10472128866889352,0.07046644230445533,-0.2752658258840217,-0.03782460201098606,-0.11766423468263319,0.0169805308469644,1
-0.6657909453135563,-0.6114382060864911,-2.645123158791031,0.039407460232157014,-1.1391366371639242,-1.249332595311016,-1.3126695473057743,-0.9911267741728111,1
-0.4985505735625888,1.42154772399434,-0.018326225517056507,-0.5320778098981315,0.09496452180736514,1.5424032153368785,1.196841609202822,-0.4870731216629234,1
-0.17693447404149729,0.09774293231379882,0.029822801773097853,-0.12209924654379418,-0.3986759417811506,-0.7225899895283941,-0.7151668909942037,-0.23504629540797956,1
0.8651016884068394,-0.8478319188865877,1.6347903781115753,0.4804450056587923,-1.1391366371639242,-0.8806127712631806,-1.0338349743603747,-0.9911267741728111,1
0.06749376159453255,-0.7059956912065297,0.12612085635340659,-0.1780054142739308,-0.15185570998689268,0.06752391914553812,0.0018362965796810298,0.2690073571019082,1
-0.8265989950741022,-0.6114382060864911,-0.4409676872861889,-1.0352333194693635,-0.02844559408976377,-0.8279385106849184,-0.635499870152661,-0.7390999479178673,1
-0.19623144001276244,1.6579414367944365,0.677159724229617,0.3934798558563577,-0.8923164053696664,0.014849658567276151,-0.27699827636571867,-0.23504629540797956,1
-0.48568592958174517,0.33413664511389546,-0.09857460433398044,-0.21527619276068877,-0.6454961735754084,-0.6699157289501321,-0.7151668909942037,0.0169805308469644,1
-2.0037139193212976,-0.9423894040066264,-2.2010821293373852,-2.0974505063419646,-0.6454961735754084,-1.1439840741544915,-1.0736684847811462,-0.7390999479178673,1
-1.1160534846430845,-0.1386507804862978,-1.671442829145688,-0.9420563732524685,-0.5220860576782795,-0.7225899895283941,-0.7151668909942037,-0.9911267741728111,1
-2.8077541681240263,-0.8478319188865877,-2.645123158791031,-3.0664907469976708,-1.1391366371639242,-1.1439840741544915,-1.2330025264642315,-0.9911267741728111,1
-0.21552840598402795,-0.5641594635264717,-0.034375901280441296,-0.2401233784185274,-0.7689062894725374,-0.8279385106849184,-0.8745009326772892,-0.9911267741728111,1
0.1639785914508601,0.9487602983941467,0.051222369457610904,0.039407460232157014,0.34178475360162297,2.3325171240108107,1.8740112863559357,-0.23504629540797956,1
-0.2348253719552935,0.00318544719376008,-0.863609149055321,0.3499972809551401,-0.7689062894725374,-0.5118929472153455,-0.635499870152661,-0.23504629540797956,1
-0.21552840598402795,0.6650878430340308,-0.21092233467767366,-0.03513409674135892,-0.3986759417811506,0.17287244030206253,0.0018362965796810298,-0.23504629540797956,1
0.4084068270868896,-0.7532744337665491,-2.645123158791031,1.592356563847071,-0.7689062894725374,-0.8806127712631806,-0.9143344430980607,-0.9911267741728111,1
-0.3634718117637302,0.05046418975377945,0.6557601565451039,-0.2711823604908257,-0.2752658258840217,-0.09049886258924826,-0.15749774510340442,0.7730610096117958,1
-0.3763364557445739,0.7596453281540694,-0.0076264416747999835,-0.2090643963462291,-0.6454961735754084,-0.7752642501066563,-0.7948339118357465,-0.7390999479178673,1
-0.20909608399360613,0.05046418975377945,0.3401165331985371,0.25682033473824517,-0.7689062894725374,-0.5645672077936077,-0.6753333805734324,-0.4870731216629234,1
3.6245678222978053,-1.0842256316866843,2.7047687623372267,3.1453056674619853,-1.1391366371639242,-1.4073553770458023,-1.4321700785680884,-0.9911267741728111,1
-0.5693061154572291,-0.3277657507263751,-0.7833607702383975,-0.5320778098981315,-0.2752658258840217,-0.8806127712631806,-0.7550004014149752,-0.9911267741728111,1
-0.21552840598402795,1.4688264665543596,-0.26977114581008454,0.045619256646616674,-0.6454961735754084,-0.03782460201098606,-0.23716476594494723,-0.4870731216629234,1
0.23473413334549997,2.2252863475146683,0.2652180463027414,0.29409111322500314,-0.15185570998689268,1.3843804336020922,0.9976740570989652,-0.23504629540797956,1
-0.2348253719552935,-1.0842256316866843,-0.5051663903397278,-0.5817721812138085,-1.1391366371639242,0.6996150460846842,0.1611703382627665,-0.9911267741728111,1
0.022467507661579685,0.7596453281540694,-0.05042557704382608,0.02077207098877803,-0.3986759417811506,0.06752391914553812,-0.11766423468263319,-0.7390999479178673,1
0.1575462694604383,2.178007604954649,-0.05577546896495434,0.4431742271720343,-0.3986759417811506,0.5942665249281597,0.3205043799458521,0.0169805308469644,1
-0.028991068261795018,-0.18592952304631719,1.057002050629723,0.31893829888284175,-0.3986759417811506,-0.7225899895283941,-0.7151668909942037,-0.7390999479178673,1
-0.2348253719552935,-0.8478319188865877,-0.863609149055321,0.039407460232157014,-0.5220860576782795,-0.7225899895283941,-0.7151668909942037,-0.9911267741728111,1
0.09965537154664174,1.8943351495945333,-0.4142182276805476,0.7661876407239367,-0.6454961735754084,0.4889180037716355,0.1611703382627665,-0.7390999479178673,1
-0.1447728640893881,2.2252863475146683,-0.09857460433398044,-0.04755768957027825,0.09496452180736514,2.2798428634325485,1.7545107550936214,0.7730610096117958,1
-1.1610797385760374,-0.8478319188865877,-0.863609149055321,-1.3955175115080234,-0.3986759417811506,-0.985961292419705,-0.8346674222565178,-0.4870731216629234,1
-1.52128977003966,-0.6587169486465104,0.029822801773097853,-1.5135416433827569,-0.8923164053696664,-1.1966583347327537,-1.1533355056226888,-0.9911267741728111,1
-0.21552840598402795,0.3814153876739148,-0.05042557704382608,-0.14073463578717316,-0.3986759417811506,0.12019817972380033,-0.03799721384109038,0.2690073571019082,1
-1.3218877883365832,0.00318544719376008,-0.5051663903397278,-1.3955175115080234,-0.6454961735754084,-0.30119590490229686,-0.3964988076280327,-0.9911267741728111,1
-0.2734193038978245,2.3198438326347075,-0.11462428009736522,-0.01649870749797994,-0.7689062894725374,0.38356948261511115,0.04166980700045244,-0.7390999479178673,1
0.42770379305815515,1.9416138921545525,0.6183109130972061,0.5798337482901469,-0.2752658258840217,1.0683348701325193,0.7188394841535658,-0.4870731216629234,1
-2.3124653748615454,0.19230041743383755,-1.5751447745653793,-2.588182423084277,-0.2752658258840217,0.014849658567276151,-0.11766423468263319,-0.9911267741728111,1
-0.08044964418516973,0.8542028132741079,-0.26977114581008454,0.31893829888284175,-0.8923164053696664,-1.0386355529979672,-1.0736684847811462,-0.7390999479178673,1
-0.7236818432273529,-0.2804870081663558,-0.6870627156580887,-0.7060081095030016,-0.3986759417811506,-0.24852164432403465,-0.3566652972072613,-0.23504629540797956,1
1.0516390261290727,-0.6114382060864911,1.3672957820551621,0.6605871016781225,-1.1391366371639242,-0.8806127712631806,-1.0338349743603747,-0.9911267741728111,1
-0.04828803423306053,0.7596453281540694,-0.25372147004669976,0.30030290963946277,-1.0157265212667954,-0.8279385106849184,-0.9541679535188319,-0.7390999479178673,1
-0.5693061154572291,-0.37504449328639444,-0.5640152014721387,-0.29602954614866434,-0.5220860576782795,-0.985961292419705,-0.8745009326772892,-0.4870731216629234,1
0.11252001552748542,1.563383951674398,0.19031955940694573,0.40590344868527706,-0.6454961735754084,0.17287244030206253,-0.07783072426186179,0.0169805308469644,1
-0.6657909453135563,0.71236658559405,2.7047687623372267,-0.09104026447149588,-0.8923164053696664,-0.8806127712631806,-0.9541679535188319,-0.9911267741728111,1
0.4084068270868896,-0.1386507804862978,2.7047687623372267,0.815882012039614,-1.1391366371639242,-0.35387016548055905,-0.635499870152661,-0.9911267741728111,1
-0.331310201811621,-0.8478319188865877,0.029822801773097853,-0.6749491274307033,-0.8923164053696664,-0.19584738374577268,-0.4363323180488041,-0.9911267741728111,1
-0.04828803423306053,0.09774293231379882,0.27591783014499793,0.06425464588999566,-0.2752658258840217,-0.24852164432403465,-0.27699827636571867,-0.7390999479178673,1
0.048196795623267036,0.9960390409541662,0.013773126009713066,-0.010286911083520279,-0.2752658258840217,0.12019817972380033,0.04166980700045244,0.0169805308469644,1
-0.18336679603191913,1.6579414367944365,-0.28047092965234105,-0.17179361785947114,-0.02844559408976377,1.1736833912890436,0.8781735258366511,-0.4870731216629234,1
0.18970787941254746,1.42154772399434,0.08332172098438047,0.31893829888284175,0.2183746377044942,1.2263576518673056,0.9976740570989652,-0.4870731216629234,1
-0.16406983006065362,2.698073773114862,-0.012976333595928246,0.05183105306107633,-0.6454961735754084,0.12019817972380033,-0.11766423468263319,-0.23504629540797956,1
-2.8077541681240263,-1.0842256316866843,-2.645123158791031,-3.0664907469976708,-1.1391366371639242,-1.4073553770458023,-1.4321700785680884,-0.9911267741728111,1
-0.6657909453135563,-0.4696019784064331,-0.863609149055321,-0.37678289953663996,-1.0157265212667954,-0.9332870318414429,-1.0338349743603747,-0.9911267741728111,1
-0.20266376200318428,0.5232516153539727,-0.14137373970300623,-0.28360595331974503,1.0822454489843967,0.9629863489759949,1.077341077940508,0.521034183356852,1
0.5048916569432171,-0.23320826560633645,0.6183109130972061,0.7537640478950174,0.34178475360162297,0.38356948261511115,0.4001714007873946,-0.23504629540797956,1
-0.48568592958174517,0.8542028132741079,-0.27512103773121277,-0.5817721812138085,-0.5220860576782795,0.17287244030206253,0.0018362965796810298,0.0169805308469644,1
0.11252001552748542,-0.37504449328639444,0.08332172098438047,0.25682033473824517,-0.3986759417811506,-0.24852164432403465,-0.27699827636571867,-0.4870731216629234,1
-0.2348253719552935,-0.09137203792627845,-0.07717503664946739,0.0891018315478343,-0.8923164053696664,-1.0386355529979672,-1.0736684847811462,-0.7390999479178673,1
-0.18979911802234098,1.279711496314282,-0.039725793201569555,-0.08482846805703621,-0.7689062894725374,-0.19584738374577268,-0.3964988076280327,-0.23504629540797956,1
-0.633629335361447,-0.09137203792627845,-0.6389136883679343,-0.5507131991415102,-0.7689062894725374,-0.14317312316751046,-0.3566652972072613,-0.23504629540797956,1
-0.27985162588824636,-0.044093295366259076,-0.1734730912297758,-0.25254697124744674,0.2183746377044942,0.06752391914553812,0.12133682784199508,-0.23504629540797956,1
0.36338057315393674,1.9888926347145717,0.18496966748581745,0.8469409941119123,-0.8923164053696664,-0.14317312316751046,-0.3964988076280327,-0.4870731216629234,1
0.8458047224355739,-0.7059956912065297,0.5594621019647952,0.6792224909215014,-0.15185570998689268,-0.14317312316751046,-0.15749774510340442,0.2690073571019082,1
-1.7335563957235807,-1.036946889126665,-1.5751447745653793,-2.0291207457829086,-1.0157265212667954,-1.249332595311016,-1.272836036885003,-0.9911267741728111,1
-0.29271626986909,-0.5168807209664524,-0.07717503664946739,-0.22769978558960807,-1.0157265212667954,-0.985961292419705,-1.0736684847811462,-0.4870731216629234,1
-0.11261125413727892,2.5089588028747842,0.21706901901258702,0.06425464588999566,-0.15185570998689268,-0.03782460201098606,-0.03799721384109038,-0.4870731216629234,1
1.7849237330371615,-0.37504449328639444,0.029822801773097853,2.7042681220353497,0.09496452180736514,-0.8806127712631806,-0.635499870152661,-0.9911267741728111,1
-2.164521969081843,0.00318544719376008,-2.645123158791031,-2.1347212848287227,-1.1391366371639242,-0.35387016548055905,-0.635499870152661,-0.23504629540797956,1
-0.29271626986909,1.7524989219144753,-0.3339698488636237,-0.18421721068839045,-0.5220860576782795,1.1736833912890436,0.7188394841535658,-0.23504629540797956,1
-0.2734193038978245,0.9960390409541662,-0.1360238477818783,0.3810562630274384,-0.5220860576782795,-0.35387016548055905,-0.4363323180488041,0.521034183356852,1
-0.16406983006065362,-0.3277657507263751,-0.5158661741819843,-0.10967565371487487,-0.2752658258840217,-0.4592186866370834,-0.4363323180488041,-0.9911267741728111,1
-2.8077541681240263,-0.6114382060864911,-2.645123158791031,-3.0664907469976708,-1.1391366371639242,-1.4073553770458023,-1.4321700785680884,-0.9911267741728111,1
-2.8077541681240263,-0.1386507804862978,-2.645123158791031,-3.0664907469976708,-1.1391366371639242,-0.8806127712631806,-1.0338349743603747,-0.9911267741728111,1
0.08035840557537623,1.7524989219144753,-0.24302168620444323,0.6481635088492032,-0.7689062894725374,0.17287244030206253,-0.11766423468263319,-0.7390999479178673,1
-2.0037139193212976,-0.6114382060864911,-1.5751447745653793,-2.290016195190214,-1.1391366371639242,-1.249332595311016,-1.3126695473057743,-0.9911267741728111,1
-0.13834054209896626,-0.09137203792627845,0.3454664251196653,-0.1034638573004152,-0.7689062894725374,-0.8279385106849184,-0.8745009326772892,-0.23504629540797956,1
0.3247866412114057,1.6579414367944365,0.31336707359289573,0.6233163231913645,-0.7689062894725374,0.06752391914553812,-0.19733125552417582,-0.4870731216629234,1
0.009602863680736009,0.71236658559405,-0.19487265891428887,0.2506085383237855,-0.3986759417811506,-0.24852164432403465,-0.31683178678649004,0.0169805308469644,1
-1.52128977003966,-0.9896681465666456,-1.3076501785089665,-1.8241314641057398,-1.1391366371639242,-1.302006855889278,-1.3525030577265456,-0.23504629540797956,1
0.1446816254795946,1.0433177835141854,0.008423234088584803,0.21333775983702752,-0.15185570998689268,0.5942665249281597,0.4001714007873946,0.0169805308469644,1
0.6206734527708102,-0.09137203792627845,0.6557601565451039,0.6046809339479855,0.09496452180736514,0.014849658567276151,0.08150331742122367,0.2690073571019082,1
-0.009694102290529505,0.5705303579139921,-0.05042557704382608,-0.07861667164257655,-0.2752658258840217,0.014849658567276151,-0.07783072426186179,-0.23504629540797956,1
0.42770379305815515,-0.23320826560633645,0.4952633989112561,0.7723994371383963,-0.7689062894725374,-0.35387016548055905,-0.5159993388903469,-0.4870731216629234,1
3.6245678222978053,-1.0842256316866843,2.7047687623372267,3.1453056674619853,-1.1391366371639242,-1.4073553770458023,-1.4321700785680884,-0.9911267741728111,1
0.27976038727845287,0.00318544719376008,0.3240668574351523,0.31272650246838213,0.2183746377044942,-0.40654442605882124,-0.23716476594494723,-0.23504629540797956,1
0.20900484538381262,2.7926312582348998,0.03517269369422611,0.3499972809551401,-0.3986759417811506,0.5942665249281597,0.3205043799458521,0.521034183356852,1
-0.028991068261795018,1.4688264665543596,0.3454664251196653,0.31272650246838213,-0.6454961735754084,-0.4592186866370834,-0.5558328493111182,-0.4870731216629234,1
-0.9037868589591642,-0.2804870081663558,-0.6389136883679343,-0.7370670915752999,-1.0157265212667954,-0.8806127712631806,-0.9940014639396033,-0.9911267741728111,1
-0.3184455578307774,0.8069240707140888,0.11007118059002179,-0.1531582286160925,-0.7689062894725374,-0.19584738374577268,-0.3964988076280327,-0.7390999479178673,1
-2.8077541681240263,-1.0842256316866843,-2.645123158791031,-3.0664907469976708,-1.1391366371639242,-1.4073553770458023,-1.4321700785680884,-0.9911267741728111,1
0.3376512851922494,-0.5168807209664524,0.5006132908323844,0.3437854845406804,-0.6454961735754084,-0.35387016548055905,-0.4761658284695755,-0.4870731216629234,1
0.06749376159453255,2.934467485914958,0.2919675059083827,0.32515009529730143,-0.02844559408976377,0.8049635672412085,0.5993389528912515,0.0169805308469644,1
-0.6657909453135563,0.2395791599938567,-0.8261599056074233,-0.24633517483298706,-0.8923164053696664,-0.7225899895283941,-0.8346674222565178,-0.4870731216629234,1
-2.8077541681240263,-1.0842256316866843,-2.645123158791031,-3.0664907469976708,-1.1391366371639242,-1.4073553770458023,-1.4321700785680884,-0.9911267741728111,1
-0.3699041337541521,0.6650878430340308,0.473863831226743,-0.22148798917514842,-0.7689062894725374,-0.03782460201098606,-0.27699827636571867,0.0169805308469644,1
-2.8077541681240263,-1.0842256316866843,-2.645123158791031,-3.0664907469976708,-1.1391366371639242,-1.4073553770458023,-1.4321700785680884,-0.9911267741728111,1
-0.22839304996487164,1.6579414367944365,0.29731739782951094,0.30030290963946277,-0.5220860576782795,0.22554670088032475,-0.03799721384109038,-0.4870731216629234,1
0.311921997230562,1.563383951674398,0.35616620896192186,0.5363511733889292,-0.6454961735754084,0.17287244030206253,-0.07783072426186179,-0.4870731216629234,1
-0.7108171992465091,-0.5641594635264717,-0.23767179428331497,-0.6376783489439454,-1.0157265212667954,-1.1966583347327537,-1.2330025264642315,-0.9911267741728111,1
0.041764473632845196,0.5705303579139921,-0.07182514472833913,0.2506085383237855,-0.3986759417811506,-0.19584738374577268,-0.31683178678649004,0.2690073571019082,1
0.13824930348917278,-0.5641594635264717,0.029822801773097853,0.1698551849358099,-0.2752658258840217,-0.8806127712631806,-0.7550004014149752,-0.23504629540797956,1
-0.21552840598402795,3.596369881755229,-0.29117071349459756,0.12016081362013262,-0.2752658258840217,0.5942665249281597,0.3205043799458521,0.2690073571019082,1
-0.4599566416200578,-0.23320826560633645,0.11542107251115005,-0.25254697124744674,-0.5220860576782795,-0.8806127712631806,-0.8346674222565178,-0.7390999479178673,1
0.061061439604110715,0.5705303579139921,0.4096651281732039,0.5860455447046066,-0.7689062894725374,-0.5118929472153455,-0.5956663597318895,-0.7390999479178673,1
